PEPTIDE,BIN AFF,IMMUNOGENICITY,pI,INSTABILITY,ALIPHATIC ,GRAVY,CATEGORY
AAEQSVVSV,0.3158,-0.26812,4,79.11,118.89,0.844,VC
AAGQSGVSV,0.4408,-0.29658,5.57,57.71,86.67,0.678,VC
AARQSVVSV,0.6794,-0.28382,9.79,79.11,118.89,0.733,VC
AEPIRNTNF,0.2857,0.20361,6.05,1.17,54.44,-0.911,VC
AILAATVTL,0.6388,0.16793,5.57,20.86,195.56,2.256,VC
AILATTVTL,0.5647,0.16763,5.57,20.86,184.44,1.978,VC
AILVTTITL,0.4695,0.24728,5.57,20.86,216.67,2.278,VC
AILVTTVTL,0.4334,0.1698,5.57,11.42,205.56,2.244,VC
AIYSKDNSV,0.5316,-0.45891,5.88,8.89,86.67,-0.367,VC
AMLCEPIII,0.616,0.21929,4,30.29,184.44,2.044,VC
AMPCEPIII,0.4715,0.21929,4,70.73,141.11,1.444,VC
APFSKDNPI,0.5728,-0.32953,5.88,48.49,54.44,-0.644,VC
APFSKDNSI,0.5539,-0.41971,5.88,51.69,54.44,-0.556,VC
APSPYNSRF,0.6617,-0.18393,8.79,121.91,11.11,-1.056,VC
ARQSVVSVK,0.4524,-0.24051,11,75.91,107.78,0.1,VC
ATTVTLHFK,0.4093,0.1772,8.8,-28.77,86.67,0.378,VC
AYGIKGFSF,0.719,-0.03104,8.63,-28.84,54.44,0.567,VC
AYGVKGFSF,0.7282,-0.12342,8.63,-13.18,43.33,0.533,VC
CIAWSSSSR,0.5174,-0.31752,8.25,94.49,54.44,0.022,VC
CLLMQIAIL,0.4296,-0.05704,5.52,43.31,227.78,2.567,VC
CMVIGIASL,0.4683,0.24196,5.52,35.68,173.33,2.444,VC
CMVIGIVSL,0.4704,0.24378,5.52,26.24,194.44,2.711,VC
CMVIGTVSL,0.4492,0.15504,5.52,35.68,151.11,2.133,VC
CMVTGIVSL,0.5752,0.14892,5.52,7.38,151.11,2.133,VC
CMVVGIISL,0.5176,0.22888,5.52,26.24,194.44,2.711,VC
CPISGWAIY,0.218,0.22902,5.52,27.3,97.78,0.922,VC
CPISGWAVY,0.2032,0.17538,5.52,18.92,86.67,0.889,VC
CQITGFAPF,0.5705,0.252,5.52,33.88,54.44,0.911,VC
CVNGSCFTV,0.4359,-0.05837,5.51,20.03,64.44,1.2,VC
CYPDAGEII,0.5041,0.25098,3.67,27.24,97.78,0.333,VC
CYPRHPDVR,0.2874,0.11238,8.23,24.04,32.22,-1.5,VC
CYPRYPDVR,0.2691,0.07728,8.2,11.18,32.22,-1.289,VC
CYPRYPGVR,0.2543,0.08716,9.31,19.56,32.22,-0.944,VC
DEPISNTKF,0.2343,-0.13011,4.37,20.86,43.33,-1.133,VC
DESISNTKF,0.2597,-0.18021,4.37,20.86,43.33,-1.044,VC
DIWVMREPY,0.2811,0.06918,4.37,12.48,75.56,-0.522,VC
DIWVTREPY,0.3001,0.27798,4.37,11.42,75.56,-0.811,VC
DLRSGYETF,0.1607,-0.01297,4.37,75.01,43.33,-0.9,VC
DRISHRTLL,0.2629,-0.01677,9.61,0.51,130,-0.567,VC
DSPANNQVM,0.2825,-0.05026,3.8,83.76,43.33,-0.944,VC
DTIHDRIPH,0.3725,0.25191,5.98,-5.68,86.67,-1.244,VC
DTIHDRTPH,0.4151,0.17235,5.98,-2.48,43.33,-1.822,VC
DTIHDRVPH,0.3559,0.17443,5.98,18.92,75.56,-1.278,VC
DVFVIREPF,0.3044,0.33588,4.37,51.69,107.78,0.6,VC
DWSGYSGSF,0.493,-0.24699,3.8,-0.54,0,-0.678,VC
DYSIDSSYV,0.2914,-0.19569,3.56,51.69,75.56,-0.369,VC
EDYSIDSGY,0.2607,-0.13701,3.49,42.26,43.33,-1.178,VC
EDYSIDSSY,0.2048,-0.25347,3.49,73.09,43.33,-1.222,VC
EDYSIGSSY,0.2553,-0.24245,3.67,51.69,43.33,-0.878,VC
EECSCYPRY,0.2075,-0.21907,4.53,127.11,0,-1.0278,VC
EICPEAVEY,0.1829,0.19901,3.67,71.11,86.67,-0.044,VC
EICPEVVEY,0.1684,0.20104,3.67,71.11,107.78,0.222,VC
EICPKLVEY,0.1228,-0.15576,4.53,42.26,118.89,0.133,VC
EICPKVVEY,0.1566,-0.10646,4.53,42.26,107.76,0.178,VC
EKAVASVTL,0.5246,-0.00587,6.1,-0.54,130,0.767,VC
EKAVTSVTL,0.5499,-0.00617,6.1,-9.98,118.89,0.489,VC
ELCPEVVEY,0.1832,0.20104,3.67,49.6,107.78,0.144,VC
ELDAPNYHY,0.4908,0.04546,4.35,92.82,54.44,-1.367,VC
ELIRGMPQE,0.3444,-0.11406,4.53,91.08,86.67,-0.756,VC
ELNAPNYHY,0.1916,0.03616,5.24,92.28,54.44,-1.367,VC
EMIWDPNGW,0.473,0.29159,3.67,5.9,43.33,-0.878,VC
EMIWDSNGW,0.2626,0.1463,3.67,27.3,43.33,-0.789,VC
EMKAPNYHY,0.1191,-0.03174,6.84,92.82,11.11,-1.622,VC
EMKAPNYYY,0.1209,-0.0528,6.1,57.71,11.11,-1.411,VC
EMNAPNYHY,0.2393,0.03616,5.24,92.82,11.11,-1.578,VC
EMNAPNYYY,0.2485,0.0151,4,57.71,11.11,-1.367,VC
EMVWDPNGW,0.3872,0.26179,3.67,5.9,32.22,-0.911,VC
ENAVASVTL,0.4684,-0.00587,4,-0.54,130,0.811,VC
ENINNTNFA,0.3051,0.12987,4,14.88,54.44,-1.011,VC
EPFISCSHL,0.3049,-0.16065,5.24,87.91,86.67,0.411,VC
EPFISCSPL,0.5181,-0.18603,4,136.73,86.67,0.589,VC
EPIRNTNFL,0.3408,0.18846,6.1,1.17,86.67,-0.689,VC
EPISNTKFL,0.2445,-0.20663,6.1,20.86,86.67,-0.322,VC
EQSVVSVKL,0.3055,-0.21885,6.1,66.48,140,0.433,VC
ERNIKEIVY,0.2576,0.15251,6.24,65.58,118.89,-0.778,VC
ERNITEIVY,0.2412,0.40031,4.53,96.41,118.89,-0.422,VC
ERNTTEIVY,0.2835,0.30545,4.53,38.16,75.56,-1,VC
ESISNTKFL,0.4785,-0.20663,6.1,20.86,86.67,-0.233,VC
ESRSGYETF,0.2994,-0.01297,4.53,96.41,0,-1.411,VC
ETCPKLVEY,0.3508,-0.15576,4.53,20.86,75.56,0.444,VC
ETFKVIGGW,0.7098,0.03488,6.1,23.89,75.56,0.189,VC
ETFKVISGW,0.7207,-0.13334,6.1,10.18,75.56,0.144,VC
ETVCFLMQI,0.3708,-0.15317,4,0.51,118.89,1.333,VC
EVIWDPNGW,0.3805,0.29159,3.67,5.9,75.56,-0.622,VC
EWSGYSGSF,0.5212,-0.24699,4,-17.24,0,-6.78,VC
FALGQGTTL,0.202,0.00504,5.52,-0.54,97.78,0.722,VC
FFLTHGALL,0.4244,0.1254,6.74,-12.07,141.11,1.611,VC
FFLTQGALL,0.4102,-0.0189,5.52,-8.92,141.11,1.578,VC
FHLGTRQVC,0.2514,0.04338,8.26,12.48,75.56,0.111,VC
FIMQIAILA,0.7416,0.09871,5.52,21.91,195.56,2.456,VC
FLIQIAILA,0.7554,0.19891,5.52,30.29,238.89,2.667,VC
FLMHIAILA,0.8248,0.24782,6.74,142.76,195.56,2.411,VC
FLMQIAILA,0.8254,0.09871,5.52,21.91,195.56,2.378,VC
FLMQIAILV,0.8919,0.09871,5.52,21.91,216.67,2.644,VC
FLMQTAILV,0.8518,0.00691,5.52,21.91,173.33,2.067,VC
FLTIATVCF,0.4354,0.2245,5.52,8.89,130,2.333,VC
FMQIAILAT,0.6416,0.2732,5.52,21.91,152.22,1.878,VC
FRIEKGKII,0.292,-0.13839,9.99,29.41,130,0.011,VC
FRIEKGKIV,0.2521,-0.13839,9.99,19.98,118.89,-0.022,VC
FRIERGKIV,0.2409,0.12201,10.84,19.98,118.89,-0.089,VC
FRYDNGVWI,0.4329,0.21098,5.84,10.12,75.56,-0.289,VC
FSFKYGNGV,0.4481,-0.13636,8.59,-43.38,32.22,-0.056,VC
FSKDNPIRL,0.2599,0.07814,8.75,5.69,86.67,-0.744,VC
FSKDNSIRL,0.2895,-0.06715,8.75,8.89,86.67,-0.656,VC
FSSRKGFEM,0.2837,-0.02242,8.75,42.26,0,-0.711,VC
FVFLTIATV,0.6688,0.24562,5.52,8.89,162.22,2.522,VC
GEPISNTKF,0.4245,-0.13011,6,12.48,43.33,-0.789,VC
GIFSVEGKR,0.3923,-0.09142,8.75,26.24,75.56,-0.222,VC
GIISLILQI,0.5283,-0.08583,5.52,57.08,260,2.322,VC
GIKGFSFKY,0.3206,-0.10483,9.7,-36.11,43.33,-0.067,VC
GIKGFSFRY,0.3107,0.05141,9.99,-27.79,43.33,-0.133,VC
GINWLTIGI,0.4834,0.37865,5.52,-7.79,173.33,1.267,VC
GISWLTIGI,0.5202,0.32705,5.52,3.73,173.33,1.567,VC
GLVGDTPRK,0.5459,0.12652,8.75,-25.62,75.56,-0.778,VC
GMANLILQI,0.692,0.04363,5.52,80.22,184.44,1.433,VC
GMGWLTIGI,0.6233,0.39175,5.52,26.88,130,1.322,VC
GMTIGMANL,0.4213,0.04346,5.52,19.4,97.78,0.989,VC
GMTNLILQI,0.6171,0.04353,5.52,46.61,173.33,1.156,VC
GPDNGAVAV,0.5163,0.12822,3.8,-25.62,86.67,0.289,VC
GPDSGAVAV,0.5093,-0.03174,3.8,12.48,86.67,0.589,VC
GPNNGAVAV,0.6464,0.11892,5.52,-17.24,86.67,0.289,VC
GPSDGQASY,0.2628,-0.17106,3.8,30.29,11.11,-1.167,VC
GPSNGQASY,0.3226,-0.19989,5.52,13.59,11.11,-1.167,VC
GPSSGQASY,0.3181,-0.35985,5.52,51.69,11.11,-0.869,VC
GPVFPNGAY,0.3739,0.16577,5.52,25.56,43.33,0,VC
GPVLPNGAY,0.3551,0.03681,5.52,25.56,86.67,0.111,VC
GPVSPNGAY,0.3769,-0.1185,5.52,52.98,43.33,-0.4,VC
GPVSTNGAY,0.4127,-0.0699,5.52,-12.54,43.33,-0.3,VC
GPVVSNGAY,0.4398,-0.06079,5.52,4.16,75.56,0.244,VC
GQASYKIFK,0.6213,-0.17965,9.7,-17.24,54.44,-0.522,VC
GQASYKILK,0.596,-0.25453,9.7,11.42,97.78,-0.411,VC
GQDATSVIL,0.4915,0.04124,3.8,51.69,130,0.6,VC
GQPVVSVKL,0.2541,-0.16875,8.75,39.06,140,0.689,VC
GQSGVSVKL,0.3602,-0.22629,8.75,45.08,107.78,0.267,VC
GQSVISVKL,0.2521,-0.12945,8.75,45.08,151.11,0.811,VC
GQSVVSVKL,0.2183,-0.21885,8.75,45.08,140,0.778,VC
GQSVVSVNL,0.2225,-0.09663,5.52,57.71,140,0.882,VC
GRADTKILF,0.479,-0.02434,8.75,-5.28,97.78,-0.011,VC
GRADTRILF,0.5248,0.22738,9.6,4.16,97.78,-0.078,VC
GRLEDSIGS,0.3265,0.09514,4.37,51.69,86.67,-0.622,VC
GRTINKDSR,0.2546,-0.14072,10.84,78,43.33,-1.992,VC
GRTINKESR,0.2844,-0.07494,10.84,78,43.33,-1.992,VC
GRTISEDSR,0.2454,0.00173,6.07,94.49,43.33,-1.578,VC
GRTISKDSR,0.2791,-0.29552,10.84,51.69,43.33,-1.622,VC
GRTISKESR,0.3114,-0.22974,10.84,51.69,43.33,-1.622,VC
GRTISKNSR,0.2916,-0.3197,12.01,30.29,43.33,-1.622,VC
GRTKGTNSR,0.2837,-0.23698,12.01,-5.28,0,-2.156,VC
GRTKSFSSR,0.4441,-0.49158,12.01,51.69,0,-1.511,VC
GRTKSINSR,0.3301,-0.34234,12.01,30.29,43.33,-1.622,VC
GRTKSISSR,0.4587,-0.4765,12.01,51.69,43.33,-1.322,VC
GRTKSTNSR,0.3327,-0.43108,12.01,13.59,0,-2.2,VC
GRTKSTSSR,0.4624,-0.56524,12.01,51.69,0,-1.9,VC
GSAKSISSR,0.4749,-0.4764,11,51.69,54.44,-0.6333,VC
GSFVEHPEL,0.3867,0.25663,4.51,16.62,75.56,-0.244,VC
GSFVQHPEL,0.3401,0.04633,5.24,25,75.56,-0.244,VC
GSNRPWISF,0.4412,0.26335,9.75,27.09,43.33,-0.578,VC
GSNRPWVSF,0.4425,0.18587,9.75,17.66,32.22,-0.611,VC
GSWSQNILR,0.4294,-0.10762,9.75,121.91,89.67,-0.678,VC
GTDNKFSIK,0.2527,-0.16097,8.59,16.33,43.33,-1.044,VC
GTDNNFSIK,0.2823,0.04273,5.84,-26.68,43.33,-1,VC
GTDSDFSVK,0.4216,-0.14297,4.21,9.28,32.22,-0.7333,VC
GTDSEFSTK,0.2514,-0.06851,4.37,42.26,0,-1.278,VC
GTDSSFSGK,0.181,-0.32999,5.84,32.82,0,-0.944,VC
GTDSSFSVK,0.1993,-0.32567,5.84,39.06,32.22,-0.433,VC
GTIKDRSPY,0.1424,-0.24958,8.59,79.29,43.33,-1.356,VC
GTKQVCVAW,0.3412,-0.13941,8.22,9.01,75.56,0.367,VC
GTRQVCIAW,0.3539,0.02487,8.25,12.48,86.67,0.333,VC
GTRQVCVAW,0.3577,-0.05261,8.25,4.1,75.56,0.3,VC
GTVKDRSPY,0.1437,-0.27938,8.59,85.52,32.22,-1.389,VC
GVKGFSFKY,0.1077,-0.10483,9.7,-20.44,32.22,-0.1,VC
GVNGDTVSW,0.4819,0.02832,3.8,-24.51,64.44,-0.2,VC
GVNSDAVGW,0.4753,-0.0555,3.8,13.17,75.56,0.078,VC
GVNSDTMGW,0.4651,-0.23883,3.8,5.9,32.22,-0.456,VC
GVNSDTVGW,0.447,-0.05579,3.8,-3.53,64.44,-0.2,VC
GVNSDTVSW,0.4956,-0.17225,3.8,-7.81,64.44,-0.244,VC
GVNSNTVGW,0.4747,-0.08369,5.52,3.73,64.44,-0.2,VC
GVPFHLGTK,0.5364,0.18654,8.76,42.26,75.56,0.067,VC
GVSFHLGTK,0.6342,0.13644,8.76,-0.54,75.56,0.156,VC
GWTETDSSF,0.3039,-0.06425,3.67,70.1,0,-0.944,VC
GWTGTDNKF,0.3183,-0.02608,5.84,13.34,0,-1.244,VC
GWTGTDNNF,0.3165,0.09614,3.8,-29.67,0,-1.2,VC
GWTGTDSEF,0.2796,0.02426,3.67,29.83,0,-0.9,VC
GWTGTDSSF,0.2978,-0.1309,3.8,29.83,0,-0.6,VC
GWTRTDNNF,0.4504,0.11412,5.84,-10.8,0,-1.656,VC
HDRIPHRTL,0.2948,0.23673,9.61,-2.69,86.67,-1.433,VC
HDRISHRTL,0.3102,0.08643,9.61,0.51,86.67,-1.344,VC
HDRTPHRTL,0.2702,0.14187,9.61,0.51,43.33,-2.011,VC
HDRVPHRTL,0.3501,0.14435,9.61,21.91,75.56,-1.467,VC
HGKCYQFAL,0.3522,-0.11523,8.21,-20.44,54.44,-0.156,VC
HLECRTFFL,0.5686,0.23239,6.74,71.42,86.67,0.422,VC
HPETCNQSI,0.3979,-0.18145,5.24,65.44,43.33,-1.089,VC
HRTLLMNEL,0.2788,-0.12162,6.75,8.89,130,-0.233,VC
HRTLMSCPI,0.2648,-0.37727,8.26,115.33,86.67,0.211,VC
HRTLMSCPM,0.3476,-0.37727,8.26,106.96,43.33,-0.078,VC
HRTLMSCPV,0.2347,-0.37727,8.26,136.73,75.56,0.178,VC
IEEGKIVHI,0.3117,0.03562,5.4,114.46,162.22,0.356,VC
IEKEICPEV,0.2938,0.15874,4.25,119.82,118.89,-0.033,VC
IEKEICPKL,0.4551,-0.02576,6.14,91.08,130,-0.122,VC
IEKEICPKV,0.26,-0.02576,6.14,91.08,118.89,-0.078,VC
IEKETCPKL,0.345,-0.11756,6.14,69.98,86.67,-0.7,VC
IENINNTNF,0.3659,0.14841,4,63.7,86.67,-0.711,VC
IENISNTNF,0.3656,-0.00639,4,63.7,86.67,-0.411,VC
IERNIKEIV,0.2917,0.09915,6.14,122.78,162.22,-0.133,VC
IERNITEIV,0.3233,0.33869,4.53,153.61,162.22,0.222,VC
IGYICSGIF,0.2586,0.03085,5.52,-9.98,130,1.767,VC
IGYICSGVF,0.3513,-0.02279,5.52,-0.54,118.89,1.733,VC
IGYICSRIF,0.3027,0.04593,8.22,20.86,130,1.311,VC
IIATVCFLM,0.4869,0.13353,5.52,8.89,173.33,2.811,VC
IICVCRDNW,0.3958,0.0352,5.82,-11.01,118.89,0.644,VC
IIDINMEDY,0.5724,0.06698,3.49,30.29,130,0.011,VC
IIIIGSVCM,0.3431,0.05773,5.52,45.11,205.56,2.822,VC
IITDTIKSW,0.366,-0.08066,5.84,-17.24,130,0.333,VC
IITIGSASL,0.306,-0.03985,5.52,8.89,184.44,1.822,VC
IITIGSVSL,0.286,-0.03803,5.52,8.89,205.56,2.089,VC
IITYENNTW,0.5166,0.11751,4,-25.62,86.67,-0.567,VC
IKSWRNNIL,0.2384,0.2858,11,83.39,130,-0.478,VC
IKSWRNNIM,0.2225,0.2858,11,61.99,86.67,-0.689,VC
IKSWRNSIL,0.2782,0.15164,11,34.57,130,-0.178,VC
ILAATVTLH,0.588,0.15501,6.74,20.86,184.44,1.7,VC
ILATTVTLH,0.5375,0.1547,6.74,20.86,173.33,1.422,VC
ILVTTITLH,0.4091,0.24182,6.74,20.86,205.56,1.722,VC
ILVTTVTLH,0.3746,0.1554,6.74,11.42,194.44,1.689,VC
INKDSRSGY,0.4157,-0.27988,8.59,117.39,43.33,-1.578,VC
INKESRSGY,0.435,-0.20145,8.59,117.39,43.33,-1.578,VC
IPSPYNSRF,0.5921,-0.18393,8.75,97.31,43.33,-0.756,VC
IQIAILATT,0.4178,0.25743,5.52,30.29,195.56,1.778,VC
IQIGNQSQI,0.3835,-0.24534,5.52,61.3,130,-0.189,VC
IRGWAVHSK,0.3291,0.24149,11,-3.53,86.67,-0.356,VC
IRIGSRGDV,0.2567,0.00648,9.6,20.86,118.89,-0.1,VC
IRPCFWIEL,0.1713,0.43548,5.99,70.73,130,0.844,VC
IRPCFWIEL,0.2093,0.358,5.9,70.73,130,0.844,VC
ISEDSRSGY,0.446,-0.17738,4.37,133.88,43.33,-1.233,VC
ISFNQNLEY,0.5669,-0.03826,4,0.51,86.67,-0.556,VC
ISGWAIYSK,0.519,0.29749,8.59,5.9,97.78,0.3,VC
ISGWAVYSK,0.4882,0.21107,8.59,-2.48,86.67,0.267,VC
ISIWISHSI,0.454,0.1706,6.74,8.89,173.33,1.278,VC
ISIWVSHSI,0.462,0.0812,6.74,-0.54,162.22,1.244,VC
ISKDLRSGY,0.1518,-0.12958,8.59,69.68,86.67,-0.767,VC
ISKDSRSGY,0.1523,-0.27988,8.59,91.08,43.33,-1.278,VC
ISKESRSGY,0.1395,-0.20145,8.59,91.08,43.33,-1.278,VC
ISKNSRSGY,0.1511,-0.30871,9.99,69.68,43.33,-1.278,VC
ISNTNFAAR,0.3519,0.19674,9.78,-33.24,65.56,-0.233,VC
ISSRKAFEM,0.6442,-0.01749,8.75,51.69,54.44,-0.278,VC
ISSRKGFEM,0.5812,-0.02242,8.75,42.26,43.33,-0.522,VC
ISSRKGFEV,0.3034,-0.02242,8.75,42.26,75.56,-0.267,VC
ISSRNGFEM,0.6434,0.18128,6,48.7,43.33,-0.478,VC
ITCVCRDNW,0.6089,0.0352,5.82,-11.01,75.56,0.067,VC
ITGFAPFSK,0.6182,0.1586,8.75,42.26,54.44,0.5,VC
ITIGMANLI,0.3457,-0.06881,5.52,22.6,184.44,1.822,VC
ITIGSICMV,0.2714,-0.10662,5.52,45.11,162.22,2.244,VC
ITIGSVSLI,0.3644,-0.19104,5.52,8.89,205.56,2.089,VC
ITYENNTWV,0.5776,0.24934,4,-35.06,75.56,-0.6,VC
IVDINMKDY,0.4082,-0.19952,4.21,-17.24,118.89,-0.067,VC
IVSWSQNIL,0.3834,-0.02865,5.22,91.08,162.22,0.833,VC
IWIGRTKSI,0.4729,-0.11442,11,8.89,130,0.256,VC
IWISHSIQL,0.6359,-0.20286,6.74,8.89,173.33,0.9,VC
IWVSHSIQI,0.652,-0.23266,6.74,-0.54,162.22,0.944,VC
IWVSHSIQL,0.5536,-0.23266,6.74,-0.54,162.22,0.867,VC
IWVTREPYV,0.383,0.18559,6,11.42,107.78,0.044,VC
KDRSPHRTL,0.2073,-0.06366,10.84,98.16,43.33,-2.1,VC
KDYSIDSSY,0.2458,-0.25347,4.21,51.69,43.33,-1.269,VC
KGNHGVKGW,0.5564,-0.05989,10,-20.42,32.22,-1.378,VC
KGNQGVKGW,0.5734,-0.209,10,-17.28,32.22,-1.411,VC
KIEKGKVTK,0.4146,-0.29698,10,10.54,75.56,-1.278,VC
KIEKGKVVK,0.4004,-0.29554,10,16.78,107.78,-0.733,VC
KIFKIEKGK,0.5644,-0.11735,10,3.28,86.67,-0.856,VC
KIFKMEKGK,0.5359,-0.41795,10,0.11,43.33,-1.144,VC
KIFRIEKGK,0.558,0.15173,10.29,29.41,86.67,-0.922,VC
KIFRIEQGK,0.6433,0.23597,9.99,60.24,86.67,-0.878,VC
KIFRIERGK,0.6161,0.37741,11,29.41,86.67,-0.989,VC
KIIKSVEMK,0.5164,-0.31414,9.7,-9.98,118.89,-0.1,VC
KIITIGFVF,0.4786,0.36668,8.75,-0.54,162.22,2.033,VC
KILFIEEGK,0.446,0.44235,6.14,96.47,130,0.4,VC
KILKIEKGK,0.4467,-0.15895,10,31.94,130,-0.744,VC
KIVHISPLA,0.5037,0.00398,8.76,87.67,173.33,1.033,VC
KLQINRQVI,0.2833,0.0651,11,48.7,162.22,-0.211,VC
KMEKGKVVK,0.4776,-0.29554,10,13.61,64.44,-1.022,VC
KNATASFIY,0.1171,0.11069,8.59,8.89,65.56,0.078,VC
KNDRSSSSY,0.1379,-0.49383,8.59,113.53,0,-2.211,VC
KPQCKITGF,0.478,-0.12401,9.311,-5.33,43.33,-0.467,VC
KPQCQITGF,0.3622,-0.02681,8.22,-4.22,43.33,-0.422,VC
KQHECDSPA,0.41,-0.06647,5.32,197.04,11.11,-1.744,VC
KQHECDSPT,0.4069,-0.06647,5.32,175.64,0,-2,VC
KQYECDFPA,0.7142,0.16025,4.37,123.09,11.11,-1.133,VC
KQYECDSPA,0.43,-0.07817,4.37,180.29,11.11,-1.533,VC
KRCINRCFY,0.2991,0.18174,9.5,81.33,43.33,-0.6,VC
KSCINRCFY,0.356,0.18174,8.9,81.33,43.33,-0.189,VC
KSFSSRKGF,0.5952,-0.40305,11.17,42.26,0,-1.056,VC
KSINSRKGF,0.5515,-0.23789,11.17,20.86,43.33,-1.167,VC
KSISSRKAF,0.6225,-0.39479,11.17,51.69,54.44,-0.622,VC
KSISSRKGF,0.6217,-0.39785,11.17,42.26,43.33,-0.867,VC
KSISSRNGF,0.693,-0.22131,11,48.7,43.33,-0.822,VC
KSTNSRSGF,0.4792,-0.22611,11,62.41,0,-1.4,VC
KSTSSRSGF,0.5519,-0.38607,11,100.51,0,-1.1,VC
KSWRNNILR,0.4761,0.21743,12.01,114.22,86.67,-1.478,VC
KSWRNNIMR,0.37,0.12131,12.01,63.04,43.33,-1.689,VC
KSWRNSILR,0.5332,0.06779,12.01,65.4,86.67,-1.178,VC
LAATVTLHF,0.1767,0.13804,6.74,-12.07,141.11,1.511,VC
LATTVTLHF,0.1241,0.13794,6.74,-12.07,130,1.233,VC
LEYKIGYIC,0.4664,0.01794,5.99,-9.98,130,0.544,VC
LEYQIGYIC,0.481,0.11838,4,-0.54,130,0.589,VC
LEYQMGYIC,0.4559,-0.18222,4,-0.54,86.67,0.3,VC
LIIATVCFL,0.4969,0.18213,5.52,8.89,216.67,3.022,VC
LLMQIAILA,0.7089,0.09871,5.52,21.91,238.89,2.489,VC
LMLQIGNMI,0.5108,-0.06672,5.52,35.68,173.33,1.444,VC
LMNELGVPF,0.3041,0.14811,4,51.69,118.89,0.8333,VC
LMNELGVSF,0.34,0.05793,4,8.89,118.89,0.922,VC
LMQIAILAA,0.5652,0.2732,5.52,21.91,206.67,2.267,VC
LMSCPIGEI,0.4379,0.09363,4,128.36,130,1.211,VC
LMSCPIGEV,0.5583,0.09363,4,106.96,118.89,1.178,VC
LQIGNIISI,0.5084,0.21194,5.52,84.5,216.67,1.511,VC
LQIGNITSM,0.2214,0.13238,5.52,84.5,130,0.644,VC
LQIGNMISI,0.4511,-0.07864,5.52,35.68,173.33,1.222,VC
LQINRQVIV,0.3647,0.09065,9.75,48.7,194.44,0.689,VC
LRSGYETFK,0.3704,0.17221,8.59,58.31,43.33,-0.944,VC
LTEKAVASV,0.1645,-0.17118,6,30.29,130,0.767,VC
LTEKAVTSV,0.2061,-0.17144,6,20.86,118.89,0.489,VC
LTENAVASV,0.1857,0.03931,4,30.29,130,0.811,VC
LTIATACLL,0.4057,0.10522,5.52,79.11,195.56,2.289,VC
LTIATACSL,0.447,0.01504,5.52,57.71,152.22,1.778,VC
LTIATICFL,0.4615,0.26855,5.52,8.89,184.44,2.487,VC
LTIATVCFF,0.3771,0.18213,5.52,8.89,130,2.333,VC
LTIATVCFI,0.3073,0.18213,5.22,8.89,173.33,2.522,VC
LTIATVCFL,0.3669,0.18213,5.52,8.89,173.33,2.444,VC
LTIATVCSL,0.2666,0.01707,5.52,8.89,173.33,2.044,VC
LTIETVCFL,0.4817,0.24351,4,57.71,162.22,1.856,VC
LVTTITLHF,0.1291,0.22734,6.74,-12.07,162.22,1.533,VC
LVTTVTLHF,0.1335,0.13794,6.74,-21.5,151.11,1.5,VC
MGRTISKDL,0.1786,-0.13931,8.5,8.89,86.67,-0.4,VC
MGYICSGVF,0.1706,-0.02279,5.27,-0.54,75.56,1.444,VC
MPQETRVWW,0.4959,0.31393,5.75,100.51,32.22,-1.056,VC
MQIAILAAT,0.4872,0.25761,5.28,21.91,163.33,1.767,VC
MQIAILATT,0.4268,0.25743,5.28,21.91,152.22,1.489,VC
MQIAILVTT,0.4044,0.25925,5.28,21.91,152.22,1.489,VC
MRPCFWVEL,0.2448,0.358,5.75,4.1,75.56,0.522,VC
MTDGNASGR,0.1481,-0.04799,5.59,-3.74,11.11,-1.122,VC
MTDGSASGR,0.1493,-0.20279,5.59,5.69,11.11,-0.822,VC
MTIGIANLI,0.2781,0.23179,5.28,-3.74,184.44,1.822,VC
MTIGMANLI,0.2971,-0.06881,5.28,19.4,141.11,1.533,VC
MTIGMTNLI,0.3634,-0.0691,5.28,-14.21,130,1.256,VC
MVIGIASLM,0.508,0.09763,5.28,-0.54,173.33,2.378,VC
MVIGIVSLM,0.4445,0.09966,5.28,-9.98,194.44,2.644,VC
MVIGTVSLM,0.6722,0.00786,5.28,-0.54,151.11,2.067,VC
MVTGIVSLM,0.3268,0.06906,5.28,-28.84,151.11,2.067,VC
MVVGIISLI,0.5451,0.15628,5.28,-9.98,237.78,2.933,VC
NELGVPFHL,0.6719,0.17796,5.24,51.69,118.89,0.267,VC
NELGVSFHL,0.6923,0.03267,5.24,8.89,118.89,0.356,VC
NGANGIKGF,0.2383,0.00227,8.75,-62.24,54.44,-0.333,VC
NGANGVKGF,0.1988,-0.08415,8.75,-46.58,43.33,-0.367,VC
NGDTVSWSW,0.5059,0.02101,3.8,-24.51,32.22,-0.811,VC
NHGVKGWAF,0.2368,0.08424,8.76,-18.26,43.33,-0.389,VC
NIISIWISH,0.294,0.2305,6.74,57.71,173.33,0.978,VC
NIISIWVSH,0.2881,0.15302,6.74,48.28,162.22,0.944,VC
NLDYQIGYI,0.4748,0.0424,3.8,-0.54,130,-0.078,VC
NPGVKGWAF,0.567,0.08424,8.75,-9.93,43.33,-0.211,VC
NPNQKIIII,0.3752,-0.0133,8.75,-12.12,173.33,0.222,VC
NPNQKIITI,0.4144,-0.06838,8.75,-12.12,130,-0.356,VC
NPNQKIVTI,0.44,-0.14586,8.75,-30.99,118.89,-0.389,VC
NPNQKTITI,0.6312,-0.15712,8.75,-2.69,86.67,-0.933,VC
NPNQKTITI ,0.6312,-0.15712,8.75,-2.69,86.67,-0.933,VC
NQGVKGWAF,0.4536,0.08424,8.75,-15.11,43.33,-0.422,VC
NQKIITIGF,0.513,0.36218,8.75,-8.92,130,0.478,VC
NRPVLDISM,0.2191,0.06368,5.84,51.69,118.89,0.056,VC
NRPWVSFNR,0.2431,0.19878,5.84,51.69,118.89,0.056,VC
NRSGYSGIF,0.3704,-0.07257,8.75,38.84,43.33,-0.489,VC
NSDAVGWSW,0.3053,0.20895,8.75,38.84,43.33,-0.489,VC
NSDTMGWSW,0.4116,-0.00256,3.8,5.9,0,-1.067,VC
NSDTVGWSW,0.3722,0.20864,3.8,-3.53,32.22,-0.811,VC
NSDTVSWSW,0.3967,0.02101,3.8,-7.81,32.22,-0.856,VC
NSNTVGWSW,0.7211,0.19934,5.52,3.73,32.22,-0.811,VC
NSRFESVAW,0.373,0.13407,6,51.69,43.33,-0.578,VC
NSRSGYETF,0.3227,-0.01297,6,75.01,0,-1.411,VC
NTWVNQTYV,0.5628,0.0287,5.52,-35.06,64.44,-0.633,VC
NWSGYSGIF,0.4908,-0.07257,5.52,-21.5,43.33,-0.089,VC
PGKCYQFAL,0.2457,-0.11523,8.6,-8.92,54.44,0.022,VC
PMGEAPSPY,0.4201,-0.00669,4,83.76,11.11,-0.789,VC
PRNDDRSSK,0.2826,-0.14574,9.17,76.07,0,-2.956,VC
PSKCYQFAL,0.1869,-0.11523,8.6,21.91,54.44,-0.022,VC
PSNGQASYK,0.482,-0.18575,9.01,13.59,11.11,-1.556,VC
PSSGQASYK,0.379,-0.23735,9.01,51.69,11.11,-1.256,VC
PVGEAPSPY,0.2767,-0.00669,4,104.1,43.33,-0.5333,VC
PWISFNQNL,0.3971,-0.1169,5.96,-2.69,86.67,-0.3,VC
PWVSFNQNL,0.3213,-0.1467,5.96,-12.12,75.56,-0.333,VC
PWVSINQNL,0.4077,-0.1311,5.96,-12.12,118.89,-0.144,VC
PYNSRFESV,0.3245,-0.02013,6.43,51.69,32.22,-1,VC
QASYKIFKM,0.3094,-0.16934,9.7,18.98,54.44,-0.267,VC
QDIVAITDW,0.2645,0.29384,3.56,20.86,130,0.322,VC
QDIVGINEW,0.2523,0.29606,3.67,-14.71,118.89,-0.233,VC
QIAILVTTV,0.4976,0.23012,5.52,20.86,205.56,2.011,VC
QIGNITSMW,0.2927,-0.07159,5.52,48.28,86.67,0.122,VC
QIGYICSGV,0.4361,-0.03369,5.52,-0.54,118.89,1.033,VC
QMGYICSGV,0.6364,-0.03369,5.52,-0.54,75.56,0.744,VC
QNLDYQIGY,0.2428,0.0382,3.8,-0.54,86.67,-0.967,VC
QNLEYQIGY,0.2642,0.11663,3.8,-0.54,86.67,-0.967,VC
QNLEYQMGY,0.2743,-0.14389,4,-0.54,43.33,-1.256,VC
QTAILVTTV,0.2113,0.23012,5.52,20.86,162.22,1.433,VC
QVIVDKNNW,0.534,-0.1059,5.84,-46.58,107.78,-0.656,VC
QVIVDNNNW,0.5373,0.09101,3.8,-37.14,107.78,-0.611,VC
QVIVDSNNW,0.5829,-0.05863,3.8,-15.74,107.78,-0.311,VC
QVIVGNNNW,0.5585,0.10241,5.52,-39.31,107.78,-0.267,VC
QVMPCEPTI,0.4471,-0.01309,4,62.36,75.56,0.244,VC
QYIVGINEW,0.3959,0.29606,4,-44.49,118.89,0.011,VC
RADTKILFI,0.198,0.02058,8.75,-5.28,141.11,0.533,VC
RADTRILFI,0.1915,0.28098,9.6,4.16,141.11,0.467,VC
REPFISCSP,0.3427,-0.05409,5.99,136.73,43.33,-0.333,VC
REQETRVWW,0.2811,0.31393,6.14,51.69,32.22,-1.978,VC
RGNHGVKGW,0.5412,-0.05989,11,-20.42,32.22,-1.444,VC
RGNPGVKGW,0.6339,-0.1036,11,-12.1,32.22,-1.267,VC
RGNQGVKGW,0.5588,-0.209,11,-17.28,32.22,-1.478,VC
RGRPKENTI,0.1768,-0.09289,10.84,11.42,43.33,-2.011,VC
RGRPKERTI,0.2228,-0.04375,11.71,20.86,43.33,-2.122,VC
RGRPKESTI,0.2034,-0.22705,10.84,42.26,43.33,-1.711,VC
RGTQGVKGW,0.4488,-0.1943,11,-17.28,32.22,-1.167,VC
RIEKGKIIK,0.4375,-0.16442,10.29,19.98,130,-0.733,VC
RIEKGKIVK,0.4399,-0.21806,10.29,16.78,118.89,-0.767,VC
RIEQGKIVK,0.387,-0.11762,9.99,47.61,118.89,-0.722,VC
RIERGKIVK,0.4314,0.05102,11,16.78,118.89,-0.833,VC
RIGSRGDVF,0.3046,-0.03033,9.6,20.86,75.56,-0.289,VC
RILFIEEGK,0.4644,0.44235,6.14,105.9,130,-0.022,VC
RILFIKEGK,0.5286,0.1451,9.99,11.42,130,-0.067,VC
RIPHRTLLM,0.3811,0.10005,12,5.69,130,-0.056,VC
RISHRTLLM,0.5194,0.04995,12,8.89,130,0.033,VC
RLEDSIGSW,0.2801,-0.04906,4.37,51.69,86.67,-0.678,VC
RLMDSIGSW,0.5909,-0.13856,5.84,30.29,86.67,-0.078,VC
RLSADGDIW,0.5784,0.13565,4.21,-0.54,97.78,-0.389,VC
RLSAGGDIW,0.5995,0.14705,5.84,22.6,97.78,-0.044,VC
RLSGGGDIW,0.5633,0.14178,5.84,36.31,86.67,-0.289,VC
RLVDSIGSW,0.5253,-0.06816,5.84,13.59,118.89,0.178,VC
RLVDSIVSW,0.6346,-0.06192,5.84,4.16,151.11,0.689,VC
RNATASFIY,0.13,0.11069,8.75,22.6,65.56,0.011,VC
RNLEYQIGY,0.2226,0.11663,6,13.17,86.67,-1.078,VC
RPCFWIELI,0.4089,0.5193,5.99,70.73,130,0.844,VC
RPCFWVELI,0.432,0.43288,5.99,12.48,118.89,0.811,VC
RPEENTIWT,0.4923,0.40523,4.53,59.69,43.33,-1.6,VC
RPKENTIWT,0.5456,0.30273,8.75,4.16,43.33,-1.644,VC
RPKERTIWT,0.6451,0.35943,10.84,13.59,43.33,-1.756,VC
RPKESTIWT,0.5637,0.14793,8.75,34.99,43.33,-1.344,VC
RPNDGTGSC,0.6822,0.0217,5.83,47.64,0,-1.433,VC
RPNDKTGSC,0.6856,-0.2213,8.22,47.64,0,-1.822,VC
RPQETRVWW,0.6059,0.31393,9.6,73.09,32.22,-1.767,VC
RPVININME,0.4371,0.15824,6,100.51,118.89,-0.167,VC
RQQETRVWW,0.3246,0.31393,9.6,73.09,32.22,-1.978,VC
RQSVVSVKL,0.4068,-0.21885,11,66.84,140,0.322,VC
RQYECDSPA,0.4654,-0.07817,4.37,175.38,11.11,-1.6,VC
RSQETRVWW,0.5999,0.31393,9.6,100.51,32.22,-1.678,VC
RTDNNFSIK,0.2916,0.04273,8.75,-17.24,43.33,-1.456,VC
RTKSFSSRK,0.7374,-0.38758,12.02,51.69,0,-1.9,VC
RTKSINSRK,0.6957,-0.22234,12.02,30.29,43.33,-2.011,VC
RTKSISSRK,0.7464,-0.37198,12.02,51.69,43.33,-1.711,VC
RTPHRTLLM,0.3451,0.10005,12,8.89,86.67,-0.633,VC
RVGSKGDVF,0.3393,-0.29073,8.75,-9.98,64.44,-0.286,VC
RVMPCEPII,0.4699,0.04199,5.99,70.73,118.89,0.711,VC
RVPHRTLLM,0.3901,0.10005,12,30.29,118.89,-0.089,VC
RVWWTSNSI,0.4253,0.07474,9.75,-7.81,75.56,-0.378,VC
RVWWTSSSI,0.4492,-0.05942,9.75,34.99,75.56,-0.078,VC
SACHDGINW,0.4655,0.17709,5.06,72.98,54.44,-0.389,VC
SACHDGISW,0.4564,0.08421,5.06,84.5,54.44,-0.089,VC
SACHDGMGW,0.4308,-0.05985,5.06,107.64,11.11,-0.333,VC
SACHDGTSW,0.4921,0.00465,5.06,84.5,11.11,-0.667,VC
SAKSISSRK,0.4812,-0.37198,11.17,51.69,54.44,-1.022,VC
SECVCINGI,0.4766,0.11116,4,44.6,118.89,1.111,VC
SEFSTKQDI,0.4406,-0.37847,4.37,78,43.33,-1.044,VC
SGANGVKGF,0.2325,-0.08415,8.47,-29.88,43.33,-0.067,VC
SGAVAVLKY,0.3486,-0.00416,8.31,-9.98,130,1.044,VC
SGQASYKIF,0.34,-0.26705,8.31,-0.54,54.44,-0.178,VC
SGRADTRIL,0.3383,0.23575,9.31,4.16,97.78,-0.478,VC
SGTYGTGSW,0.2991,0.01036,5.24,-28.84,0,-0.711,VC
SGYSGIFSV,0.5127,-0.00725,5.24,-9.98,75.56,0.778,VC
SHLECRTFF,0.1985,0.19453,6.46,71.42,43.33,-0.089,VC
SIELNAPNY,0.2197,0.03873,4,79.11,97.78,-0.456,VC
SIKQDIVGI,0.2368,0.01496,5.55,18.87,162.22,0.622,VC
SIKQYIVGI,0.3927,-0.01024,8.31,-10.91,162.22,0.867,VC
SIVSWSQNI,0.446,-0.19464,5.24,69.68,118.89,0.322,VC
SLIIATVCF,0.5061,0.2551,5.24,8.89,173.33,2.511,VC
SLMLQIGNI,0.463,-0.03086,5.24,84.5,173.33,1.144,VC
SLMQIAILA,0.6813,0.09871,5.24,21.91,195.56,1.978,VC
SLTIATACL,0.5333,0.22268,5.24,79.11,152.22,1.778,VC
SLTIATICF,0.383,0.30198,5.24,8.89,141.11,1.967,VC
SLTIATVCF,0.3807,0.2245,5.24,8.89,130,1.933,VC
SLTIETVCF,0.3681,0.2839,4,57.71,118.89,1.344,VC
SPASNRVMP,0.509,-0.17911,9.47,127.93,43.33,-0.544,VC
SPHRTLMSC,0.4222,-0.15492,7.99,142.76,43.33,-0.378,VC
SPLECRTFF,0.6637,0.19453,5.72,120.24,43.33,0.089,VC
SPLGCRTFF,0.6497,0.12788,7.96,71.42,43.33,0.433,VC
SPPNNQAML,0.5881,-0.19503,5.24,70.73,54.44,-0.778,VC
SPSSNQVML,0.6896,-0.40327,5.24,83.76,75.56,-0.122,VC
SPYNSRFES,0.4791,0.03721,5.72,100.51,0,-1.556,VC
SPYRTLMSC,0.5181,-0.16662,7.94,123.97,43.33,-0.167,VC
SQANRQVIV,0.308,0.06015,9.47,33.88,118.89,-0.122,VC
SQINRQVIV,0.3421,0.09065,9.47,33.38,151.11,0.178,VC
SRFESVAWS,0.3719,0.17895,5.78,51.69,43.33,-0.278,VC
SRGDVFVIR,0.2729,0.29632,9.31,20.86,107.78,0.222,VC
SRHDGKAWL,0.333,0.02526,8.49,55.97,54.44,-1.289,VC
SRIFGDNPR,0.214,0.20294,9.31,18.71,43.33,-1.278,VC
SRKGFEMIW,0.2259,0.10191,8.46,20.86,43.33,-0.533,VC
SRKGFEMVW,0.2666,0.04827,8.46,20.86,32.22,-0.567,VC
SRKGFEVIW,0.239,0.28495,8.46,20.86,75.56,-0.278,VC
SRNGFEMIW,0.2712,0.16981,5.72,27.3,43.33,-0.489,VC
SRSGFEMIW,0.2206,0.11821,5.72,79.11,43.33,-0.189,VC
SRSGYETFK,0.4175,0.17221,8.31,58.31,0,-1.456,VC
SSCHDGKAW,0.3399,-0.09059,6.46,93.3,11.11,-1.022,VC
SSLCPIRGW,0.3534,0.12011,7.96,55.97,86.67,0.2,VC
SSLCPISGW,0.4283,-0.06319,5.24,65.4,86.67,0.611,VC
SSLCPVSGW,0.4195,-0.14961,5.24,86.8,75.56,0.578,VC
SSNGANGIK,0.3761,0.17037,8.47,-31.41,54.44,-0.778,VC
SSNGANGVK,0.3981,0.11673,8.47,-15.74,43.33,-0.811,VC
SSSGANGVK,0.3223,0.06513,8.47,22.36,43.33,-0.511,VC
STNGAYGVK,0.4654,0.11934,8.31,-46.58,43.33,-0.556,VC
SVELDAPNY,0.2016,0.06663,3.67,30.29,86.67,-0.489,VC
SVELNAPNY,0.2577,0.03873,4,30.29,86.67,-0.489,VC
SVEMKAPNY,0.2759,-0.33051,5.72,30.29,43.33,-0.744,VC
SVEMNAPNY,0.2961,-0.12681,4,30.29,43.33,-0.7,VC
SVRQDIVAI,0.6163,0.10482,5.55,42.26,162.22,0.767,VC
SVSLIIATV,0.5574,0.24572,5.24,8.89,205.56,2.3,VC
SVSLTIATV,0.4091,0.15392,5.24,8.89,162.22,1.722,VC
SVSLTIETV,0.3981,0.2054,4,57.71,151.11,1.133,VC
TCNQSIITY,0.1611,-0.01948,5.18,49.33,86.67,0.111,VC
TENISNTNF,0.3282,-0.00639,4,36.28,43.33,-0.989,VC
TETDSSFSV,0.3854,-0.27977,3.67,73.09,32.22,-0.422,VC
TFFLTHGAL,0.2657,0.14655,6.4,1.64,97.78,1.111,VC
TGKCYQFAL,0.2598,-0.11523,7.86,-18.36,54.44,0.122,VC
TIATACLLM,0.2879,0.02327,5.18,79.11,152.22,2.078,VC
TIATACSLM,0.3282,-0.10699,5.18,57.71,108.89,1.567,VC
TIATICFLM,0.5063,0.22293,5.18,8.89,141.11,2.267,VC
TIATVCFFM,0.4945,0.20841,5.18,8.89,86.67,2.122,VC
TIATVCFIM,0.2395,0.21777,5.18,8.89,130,2.311,VC
TIATVCFLI,0.5708,0.13353,5.18,8.89,173.33,2.522,VC
TIATVCFLM,0.4305,0.13353,5.18,8.89,130,2.233,VC
TIATVCSLM,0.3974,-0.10489,5.18,8.89,130,1.833,VC
TIDSVSLTI,0.195,-0.26148,3.8,30.29,162.22,1.167,VC
TIGIANLIL,0.2207,0.24533,5.19,20.86,227.78,2.033,VC
TIHDRIPHR,0.4113,0.21804,9.31,11.02,86.67,-1.356,VC
TIHDRISHR,0.4515,0.08778,9.31,14.22,86.67,-1.267,VC
TIHDRTPHR,0.4335,0.1293,9.31,14.22,43.33,-1.933,VC
TIHDRVPHR,0.3645,0.13162,9.31,35.56,75.56,-1.389,VC
TIKDRSPYR,0.3292,-0.16453,9.98,69.93,43.33,-1.811,VC
TIKSWRNSI,0.1913,-0.07417,11,13.17,86.67,-0.678,VC
TITIGSVSL,0.2146,-0.03803,5.19,8.89,162.22,1.511,VC
TITLHFKQY,0.297,-0.10654,8.29,-1.4,86.67,-0.244,VC
TIWTSGSSI,0.3841,-0.25452,5.19,13.59,86.67,0.433,VC
TLLMNELGV,0.5936,-0.08191,4,8.89,162.22,1.044,VC
TPRKNDRSS,0.576,-0.2386,10.83,62.36,0,-2.644,VC
TPRNGDSSS,0.536,-0.17211,5.5,61.72,0,-1.844,VC
TPRNNDRSS,0.5716,-0.02811,9.26,76.07,0,-2.6,VC
TQGVKGWAF,0.2866,0.08424,8.41,-15.11,43.33,-0.111,VC
TRTDNNFSI,0.277,0.02467,5.5,-7.81,43.33,-1.1,VC
TSLCPVSGW,0.4383,-0.14961,5.18,65.4,75.56,0.589,VC
TSMWVSHSI,0.475,-0.019,6.4,-0.54,75.56,0.378,VC
TSSRSGFEM,0.5955,0.02648,5.66,100.51,0,-0.756,VC
TVHDRIPHR,0.4156,0.21804,9.31,-2.69,75.56,-1.389,VC
TVKDRSPYR,0.3329,-0.16453,9.98,76.17,32.22,-1.844,VC
TVTLHFKQY,0.3189,-0.10654,8.29,-10.83,75.56,-0.278,VC
TVTLHFRQY,0.1165,0.11914,8.44,0.96,75.56,-0.344,VC
VADINMEDY,0.6342,0.06698,3.49,20.86,86.67,-0.322,VC
VAITDWSGY,0.1236,0.19255,3.8,-0.54,86.67,0.322,VC
VDKNNWSGY,0.2162,0.00588,5.81,-38.2,32.22,-1.511,VC
VEHPELTGL,0.5753,0.13896,4.51,7.19,118.89,-0.122,VC
VEMNAPNYY,0.265,-0.04347,4,44,43.33,-0.756,VC
VENISNTNF,0.3436,-0.00639,4,14.88,75.56,-0.444,VC
VFCGTSGTY,0.4012,-0.05005,5.49,-9.98,32.22,0.578,VC
VFVIREPFI,0.4645,0.35101,5.97,51.69,151.11,1.489,VC
VGINEWSGY,0.4335,0.22288,4,-36.11,75.56,-0.233,VC
VGNNNWSGY,0.2458,0.07378,5.49,-30.93,32.22,-1.222,VC
VIDINMEDY,0.6082,0.06698,3.49,30.29,118.89,-0.022,VC
VILTGNSSL,0.4257,-0.17391,5.49,32.82,162.22,1.122,VC
VININMEDY,0.2869,0.05768,3.67,79.11,118.89,-0.022,VC
VKLAGNSSL,0.1758,-0.1736,8.72,8.22,130,0.467,VC
VKLAGNTSL,0.192,-0.00122,8.72,-22.61,130,0.478,VC
VLDISMEDY,0.6554,-0.08782,3.49,30.29,118.89,0.2,VC
VLPNGAYGV,0.5973,0.0764,5.49,-5.28,118.89,0.756,VC
VMCVCRDNW,0.4256,0.0352,5.79,-11.01,64.44,0.322,VC
VMLCEPIII,0.6138,0.21929,4,30.29,205.56,2.311,VC
VMPCEPIII,0.4789,0.21929,4,70.73,162.22,1.711,VC
VMPCEPITI,0.5033,0.16421,4,70.73,118.89,1.133,VC
VMPCEPTII,0.425,0.13973,4,70.73,118.89,1.133,VC
VPSPYNSRF,0.5511,-0.18393,8.72,121.91,32.22,-0.789,VC
VQHPELTGL,0.3696,0.13896,5.24,15.57,118.89,-0.122,VC
VQHPELTRL,0.2941,0.1494,6.72,25,118.89,-0.578,VC
VSCDHGKCY,0.2406,-0.14528,6.7,45.56,32.22,-0.433,VC
VSCDPGKCY,0.1585,-0.18758,5.79,57.08,32.22,-0.256,VC
VSCDPSKCY,0.178,-0.37521,5.79,87.91,32.22,-0.3,VC
VSCDTGKCY,0.2361,-0.13898,5.79,30.94,32.22,-0.156,VC
VSCNPGKCY,0.1519,-0.21641,8.02,32.48,32.22,-0.256,VC
VSFDQNLDY,0.554,-0.05497,3.56,22.6,75.56,-0.589,VC
VSFNQNLEY,0.6139,-0.03826,4,0.51,75.56,-0.589,VC
VSFNRNLEY,0.5721,0.12494,5.97,22.6,75.56,-0.7,VC
VSGWAIYSK,0.462,0.29749,8.56,5.9,86.67,0.267,VC
VSINQNLEY,0.5772,-0.03306,4,0.51,118.89,-0.4,VC
VSNGAYGVK,0.4844,0.11934,8.56,-29.88,75.56,-0.011,VC
VSWSQNILR,0.44,-0.10762,9.72,121.91,118.89,-0.167,VC
VTGIVSLML,0.1376,-0.08257,5.49,-28.84,194.44,2.278,VC
VTIGSICMV,0.2891,-0.10662,5.49,35.68,151.11,2.211,VC
VTLAGNSSL,0.3192,-0.1736,5.49,11.42,130,0.822,VC
VTLHFKQHK,0.5032,-0.13891,10,23.86,75.56,-0.844,VC
VTTITLHFK,0.4852,0.26958,8.73,-28.77,118.89,0.678,VC
VTTVTLHFK,0.4679,0.1772,8.73,-38.2,107.78,0.644,VC
VVDINMEDY,0.6348,0.06698,3.49,13.59,107.78,-0.056,VC
VVDINVEDY,0.5845,0.27114,3.49,13.59,140,0.2,VC
VVDINVKDY,0.3938,0.00464,4.21,-11.01,140,0.156,VC
VWIGRTKSF,0.586,-0.11442,11,8.89,75.56,0.033,VC
VWIGRTKSI,0.4755,-0.11442,11,8.89,118.89,0.222,VC
VWIGSAKSI,0.4427,-0.32563,8.72,8.89,130,0.911,VC
VWMGRTISK,0.3144,0.0797,11,35.2,75.56,-0.067,VC
VWWTSNSIV,0.3123,-0.11809,5.49,-17.24,107.78,0.589,VC
VWWTSSSIV,0.396,-0.26773,5.49,25.56,107.78,0.889,VC
WKGSNRPVL,0.1959,-0.09829,11,42.26,75.56,-0.844,VC
WLHVCVTGY,0.1798,0.09096,6.73,-14.08,107.78,0.911,VC
WPDGAELPF,0.4568,0.15781,3.67,33.88,54.44,-0.344,VC
WPDGANINL,0.3124,0.18185,3.8,39.9,97.78,-0.367,VC
WPDGANTNF,0.3189,0.10229,3.8,-51.76,11.11,-1.056,VC
WRNNILRTQ,0.3347,0.17691,12,105.84,86.67,-1.422,VC
WRNNIMRTQ,0.3831,0.02205,12,54.67,43.33,-1.633,VC
WRNSILRTQ,0.3015,0.01695,12,57.02,86.67,-1.122,VC
WTETDSSFS,0.2568,-0.13379,3.67,56.39,0,-0.989,VC
WTSGSSISF,0.2341,-0.32077,5.52,13.59,43.33,0.233,VC
WTSGSSTSF,0.2392,-0.40033,5.52,13.59,0,-0.344,VC
WTSNSIVVF,0.2476,-0.03707,5.52,-17.24,107.78,1,VC
WTSSSIVVF,0.2419,-0.19703,5.52,25.56,107.78,1.3,VC
WWTSNSIVV,0.375,-0.17946,5.52,-17.24,107.78,0.589,VC
WWTSSSIVV,0.3403,-0.33426,5.52,25.56,107.78,0.889,VC
YDKNATASF,0.2234,-0.06551,5.83,25.77,22.22,-0.811,VC
YEGRLVDSI,0.306,0.0132,4.37,5.21,118.89,-0.167,VC
YHYEECSCY,0.2357,-0.02482,4.51,184.31,0,-1.1,VC
YLNNTTIDK,0.5878,0.19101,5.83,-9.98,86.67,-0.978,VC
YLNNTTIEK,0.6227,0.23655,6,48.28,86.67,-0.978,VC
YLTNTTIEK,0.5166,0.25125,6,31.58,86.67,-0.667,VC
YPRHPDVRC,0.4709,0.12451,8.23,24.04,32.22,-1.5,VC
YPRYPDVRC,0.5305,0.08824,8.2,11.18,32.22,-1.289,VC
YPRYPGVRC,0.6945,0.09926,9.31,19.56,32.22,-0.944,VC
YQFALGQGT,0.4974,0.02051,5.52,-8.92,54.44,-0.156,VC
YQIGYICSR,0.316,0.05682,8.2,20.86,86.67,-0.033,VC
YRTLMSCPI,0.3169,-0.37727,8.22,96.54,86.67,0.422,VC
YRTLMSCPV,0.2811,-0.37727,8.22,117.94,75.56,0.389,VC
YSKDNGIRI,0.2389,0.12048,8.59,-17.24,86.67,-0.989,VC
YSKDNIIRI,0.3501,0.21386,8.59,57.71,130,-0.444,VC
YSKDNNIRI,0.2263,0.08249,8.59,57.71,86.67,-1.133,VC
YVNISNTNV,0.4564,-0.00639,5.52,31.58,107.78,-0.044,VC
YYYEECSCY,0.1703,-0.02482,3.79,149.2,0,-0.889,VC
ACHDGMGWL,0.0221,0.05854,5.08,121.36,54.44,0.178,NVC
ACVNGSCFT,0.0119,-0.09294,5.55,68.86,43.33,0.933,NVC
ADTRILFIE,0.014,0.3604,4.37,52.98,141.11,0.578,NVC
AEPIRNTNF,0.0023,0.20361,6.05,1.17,54.44,-0.911,NVC
AGNSSLCPV,0.0294,-0.39209,5.56,63.66,86.67,0.578,NVC
AGQSVVSVK,0.0191,-0.24051,8.8,54.51,107.78,0.556,NVC
AITDWSGYS,0.0131,0.12133,3.8,-0.54,54.44,-0.233,NVC
AIYSKDNSV,0.0227,-0.45891,5.88,8.89,86.67,-0.367,NVC
APFSKDNSI,0.053,-0.41971,5.88,51.69,54.44,-0.556,NVC
APNYHYEEC,0.0186,0.1652,4.51,169.49,11.11,-1.511,NVC
AQHIEECSC,0.0424,0.19401,4.51,227.8,54.44,-0.356,NVC
AWLHVCVTG,0.0461,0.07592,6.78,-4.64,118.89,1.256,NVC
AWSASACHD,0.0033,-0.1652,5.08,93.93,33.33,-0.144,NVC
AWSSSSCHD,0.0381,-0.5636,5.08,145.53,11.11,-0.722,NVC
CACVNGSCF,0.038,-0.12148,5.5,68.86,43.33,1.289,NVC
CFLMQIAIL,0.0355,-0.05704,5.52,21.91,184.44,2.456,NVC
CFTIMTDGP,0.0252,0.05058,3.8,5.69,43.33,0.533,NVC
CFWVELIRG,0.0154,0.34306,5.59,-9.98,118.89,0.944,NVC
CGTSGTYGT,0.0232,-0.06765,5.52,-28.84,0,-0.322,NVC
CGVNGDTVS,0.0175,0.11765,3.8,-24.51,64.44,0.178,NVC
CGVNSDTVG,0.0188,-0.07645,3.8,-17.24,64.44,0.178,NVC
CGVNSDTVS,0.0175,-0.07645,3.8,-7.81,64.44,0.133,NVC
CHDGINWLT,0.0522,0.34527,5.08,37.87,86.67,-0.156,NVC
CMTIGMANL,0.0424,0.04346,5.52,55.62,97.78,1.311,NVC
CNQSIITYE,0.0124,0.08141,4,40.96,86.67,-0.2,NVC
CPEVVEYRN,0.0581,0.23561,4.53,44.52,64.44,-0.778,NVC
CPIGEVPSP,0.0168,0.10764,4,113.53,75.56,0.189,NVC
CPKLVEYRN,0.0574,0.08041,8.2,15.78,75.56,-0.867,NVC
CRTFFLTQG,0.0166,0.19904,8.25,14.22,43.33,0.233,NVC
CTVVMTDGS,0.0232,-0.041,3.8,41.91,64.44,0.744,NVC
CVCINGTCT,0.0498,0.14328,5.5,10.6,75.56,1.211,NVC
CVCRDNWHG,0.0194,0.25593,6.73,3.78,32.22,-0.756,NVC
CVTGDDRNA,0.0503,0.12908,4.21,-13.02,43.33,-0.844,NVC
CYPDSSEIT,0.0266,-0.13585,3.67,99.82,43.33,-0.578,NVC
CYPRYPDVR,0.0483,0.07728,8.2,11.18,32.22,-1.289,NVC
CYQFALGQG,0.0452,0.06878,5.52,0.51,54.44,0.2,NVC
DAGEITCVC,0.0239,0.25651,3.67,13.53,86.67,0.822,NVC
DAPNYHYEE,0.0175,0.07212,4.13,120.67,11.11,-2.178,NVC
DCIRPCFWV,0.0195,0.26195,5.82,12.48,75.56,0.667,NVC
DGDIWVTRE,0.0482,0.45868,4.03,-9.98,75.56,-0.922,NVC
DGINWLTIG,0.0159,0.35247,3.8,1.64,130,0.378,NVC
DGMGWLTIG,0.0055,0.29288,3.8,36.31,86.67,0.433,NVC
DGPSDGQAS,0.0166,-0.19147,3.56,30.29,11.11,-1.411,NVC
DGPSNGQAS,0.0131,-0.21937,3.8,13.59,11.11,-1.411,NVC
DGPSSGQAS,0.0163,-0.37417,3.8,51.69,11.11,-1.111,NVC
DGRLEDSIG,0.0482,0.06216,4.03,51.69,86.67,-0.922,NVC
DGRLVDSIG,0.0197,0.00486,4.21,13.59,118.89,-0.069,NVC
DGSASGRAD,0.0465,-0.07699,4.21,-0.54,22.22,-1.144,NVC
DGTGSCGPV,0.0079,-0.14303,3.8,47.64,32.22,-0.122,NVC
DGTSWLTIG,0.0124,0.16191,3.8,13.17,86.67,0.1,NVC
DINMEDYSI,0.0307,-0.1602,3.49,30.29,86.67,-0.578,NVC
DKHSNGTVK,0.0192,-0.07349,8.6,-29.88,32.22,-1.744,NVC
DNNIRIGSR,0.0162,0.23944,9.6,79.11,86.67,-1.3,NVC
DNPRPNDKT,0.0184,-0.07569,5.96,9.28,0,-2.922,NVC
DNRSGYSGI,0.0588,-0.23997,5.84,38.84,43.33,-1.189,NVC
DNSIRIGSK,0.0306,0.18784,8.75,8.89,86.67,-0.933,NVC
DNSIRIGSR,0.0166,0.18784,9.6,30.29,86.67,-1,NVC
DNSIRLSAD,0.0479,0.00342,4.21,-0.54,97.78,-0.72,NVC
DNSIRLSAG,0.0201,0.00342,5.84,8.89,97.78,-0.378,NVC
DPNGWTETD,0.0017,0.39142,3.49,10.6,0,-2.033,NVC
DPNGWTGTD,0.0163,0.33552,3.56,-29.67,0,-1.689,NVC
DPNNERGNP,0.0184,0.16243,4.37,-13.18,0,-2.844,NVC
DRNATASFI,0.0209,0.04068,5.84,14.22,65.56,-0.233,NVC
DSANRSGYS,0.0831,-0.0727,5.84,69.68,11.11,-1.533,NVC
DSDNRSGYS,0.049,-0.0782,4.21,69.68,0,-2.122,NVC
DSEFSTKQD,0.0156,-0.22394,4.03,99.4,0,-1.933,NVC
DSIGSWSQN,0.0246,-0.08259,3.8,51.69,43.33,-1.078,NVC
DSPASNQVM,0.0646,-0.20506,3.8,83.76,43.33,-0.644,NVC
DSSEITCVC,0.0289,0.19181,3.67,86.11,75.56,0.489,NVC
DSSFSGKQD,0.016,-0.31478,4.21,89.97,0,-1.6,NVC
DSSFSVKQD,0.0154,-0.30782,4.21,96.2,32.22,-1.089,NVC
DTGKVMCVC,0.009,-0.35248,5.82,-44.49,64.44,0.756,NVC
DTIHDRTPH,0.0499,0.17235,5.98,-2.48,43.33,-1.882,NVC
DTIKSWRNN,0.0009,-0.08649,8.75,-3.53,43.33,-1.867,NVC
DVWMGRTIN,0.0224,0.08744,5.84,35.2,75.56,-0.322,NVC
ECDSPANNQ,0.0096,-0.14248,3.67,162.36,11.11,-1.733,NVC
ECRTFFLTQ,0.0173,0.29338,6.09,63.04,43.33,-0.111,NVC
ECSCYPDAG,0.0272,-0.08041,3.67,99.27,11.11,-0.478,NVC
ECSCYPDSS,0.0166,-0.19993,3.67,142.07,0,-0.811,NVC
ECSCYPRYP,0.0449,-0.08047,6.08,104.6,0,-1.067,NVC
ECVCINGTC,0.0554,0.13394,4,23.2,75.56,0.9,NVC
EDSRSGYET,0.0586,-0.07544,4.14,104.1,0,-2.111,NVC
EEGKIVHIS,0.0682,0.06752,5.4,65.63,118.89,-0.233,NVC
EGKIVHISP,0.0698,0.15023,6.85,78.23,118.89,-0.022,NVC
EITCVCRDN,0.0153,0.00444,4.37,21.91,75.56,-0.222,NVC
EIVYLNNTT,0.1949,0.01001,4,3.04,118.89,-0.078,NVC
EIVYLTNTT,0.0117,0.05264,4,-13.66,118.89,0.233,NVC
EKEICPEAV,0.0235,0.21084,4.25,71,86.67,-0.333,NVC
EKGKIVKSV,0.0336,-0.3162,9.71,-32.04,107.78,-0.389,NVC
ELGVPFHLG,0.0567,0.17276,5.24,51.69,118.89,0.611,NVC
ELIRGMPQE,0.055,-0.11406,4.53,91.08,86.67,-0.756,NVC
ELIRGQPKE,0.0157,-0.11612,6.24,20.86,86.67,-1.4,NVC
ELIRGREQE,0.0118,0.19382,4.79,42.26,86.67,-1.678,NVC
ESECACVNG,0.0179,-0.00334,3.8,124.26,43.33,-0.078,NVC
ESECVCING,0.0415,0.07624,3.8,75.43,75.56,0.222,NVC
ESTIWTSGS,0.015,0.27894,4,13.59,43.33,-0.456,NVC
ESVAWSASA,0.0187,0.0491,4,30.29,65.56,0.311,NVC
ETCNQSIIT,0.0268,-0.10246,4,49.33,86.67,-0.133,NVC
ETDSSFSVR,0.0311,-0.32567,4.37,51.69,32.22,-0.844,NVC
ETRVWWTSN,0.0138,0.41865,6.1,-7.81,32.22,-1.256,NVC
EVPSPYNSR,0.0192,-0.28647,6.1,121.91,32.22,-1.489,NVC
EVVEYRNWS,0.0566,0.28323,4.53,-7.71,64.44,-1.067,NVC
EYKIGYICS,0.0215,0.17426,6.09,-9.98,86.67,0.033,NVC
EYQIGYICS,0.0232,0.20666,4,-0.54,86.67,0.078,NVC
EYRNWSKPQ,0.0556,-0.11822,8.69,5.31,0,-2.611,NVC
FAAGQPVVS,0.0616,-0.01748,5.52,51.69,86.67,0.944,NVC
FAPFSKDNS,0.0435,-0.23496,5.84,51.69,11.11,-0.744,NVC
FCGTSGTYG,0.048,-0.04854,5.52,-19.14,0,0.067,NVC
FCGVNGDTV,0.0379,0.11954,3.8,-24.51,64.44,0.578,NVC
FCGVNSDTV,0.0418,-0.06809,3.8,-7.81,64.44,0.533,NVC
FDQNLDYQI,0.0445,-0.10483,3.56,22.6,86.67,-0.856,NVC
FEMIWDPNG,0.0135,0.30036,3.67,-7.81,43.33,-0.467,NVC
FESVAWSAS,0.0233,0.11769,4,30.29,54.44,0.422,NVC
FFLTQGALL,0.1317,-0.0189,5.52,-8.92,141.11,1.578,NVC
FIYDGRLVD,0.0762,0.1176,4.21,18.5,118.89,0.233,NVC
FKQHECDSP,0.0401,-0.03624,5.32,158.94,0,-1.633,NVC
FKQYECDSP,0.0398,-0.07251,4.37,142.19,0,-1.422,NVC
FLTEKAVAS,0.029,-0.00212,6,30.29,97.78,0.611,NVC
FNQNLEYKI,0.0496,-0.08978,6,-8.92,86.67,-0.9,NVC
FNQNLEYQI,0.0524,-0.03146,4,0.51,86.67,-0.856,NVC
FSFRYDNGV,0.0201,0.1217,5.84,10.12,32.22,-0.467,NVC
FSIKQDIVG,0.0204,-0.12928,5.84,28.3,118.89,0.433,NVC
FSVKQDIVA,0.0326,-0.15908,5.84,43.97,118.89,0.644,NVC
FTVMTDGPS,0.0181,-0.0825,3.8,27.09,32.22,0.133,NVC
FVIREPFIS,0.026,0.3589,6,51.69,118.89,0.933,NVC
FVQHPELTG,0.0197,0.09172,5.24,15.57,75.56,-0.233,NVC
FWVELIRGR,0.0187,0.29211,9.6,-9.98,118.89,0.167,NVC
GAELPFSID,0.0155,0.05888,3.67,42.26,97.78,0.344,NVC
GAELPFTID,0.018,0.23126,3.67,42.26,97.78,0.356,NVC
GANGIKGFS,0.0217,0.0556,8.75,-45.54,54.44,-0.033,NVC
GANGVKGFS,0.0166,-0.0338,8.75,-29.88,43.33,-0.067,NVC
GAVAVLKYN,0.0154,-0.10163,8.59,-9.98,130,0.744,NVC
GAYGVKGFS,0.0296,-0.0329,8.59,-22.61,43.33,0.178,NVC
GCRTFFLTQ,0.0264,0.29338,8.25,14.22,43.33,0.233,NVC
GDDKNATAS,0.0493,-0.12365,4.21,-0.54,22.22,-0.411,NVC
GIFGDNPRP,0.0181,0.10849,5.84,9.28,43.33,-0.911,NVC
GIFSVEGKS,0.0268,-0.09142,6,-9.98,75.56,0.189,NVC
GIVSLMLQI,0.0213,-0.40621,5.52,26.24,205.56,2,NVC
GKCYQFALG,0.0107,0.00272,8.2,-8.92,54.44,0.156,NVC
GLVGDTPRN,0.0474,0.12652,5.84,-11.91,75.56,-0.733,NVC
GMANLILQI,0.0455,0.04363,5.52,80.22,184.44,1.433,NVC
GNQCQDEPI,0.0294,-0.10575,3.67,17.12,43.33,-1.389,NVC
GNQCQDESI,0.0298,-0.19593,3.67,17.12,43.33,-1.3,NVC
GNSSLCPIS,0.017,-0.21332,5.52,42.26,86.67,0.322,NVC
GNSSLCPVS,0.0195,-0.26696,5.52,63.66,75.56,0.289,NVC
GPDNGAVAV,0.008,0.12822,3.8,-25.62,86.67,0.289,NVC
GPVSSNGAN,0.0016,-0.2688,5.52,25.56,43.33,-0.556,NVC
GQASYKIFK,0.0231,-0.17965,9.7,-17.24,54.44,-0.522,NVC
GQASYKILK,0.0422,-0.25453,9.7,11.42,97.78,-0.411,NVC
GQGTTLDNK,0.0295,0.09236,5.84,25.77,43.33,-1.422,NVC
GRTKGTNSR,0.0024,-0.23698,12.01,-5.28,0,-2.156,NVC
GSAQHIEEC,0.043,0.19592,4.51,191.58,54.44,-0.678,NVC
GSAQHVEEC,0.0406,0.1095,4.51,93.93,43.33,-0.711,NVC
GSASGRADT,0.0205,-0.02607,5.84,-17.24,22.22,-0.833,NVC
GSNRPVVDI,0.0493,0.12584,5.84,34.99,107.78,-0.156,NVC
GSVCMTIGM,0.0302,-0.04319,5.52,41.91,75.56,1.411,NVC
GTGSWPDGA,0.0646,0.08831,3.8,-27.79,11.11,-0.767,NVC
GTIHDRIPH,0.0482,0.25191,6.92,1.59,86.67,-0.9,NVC
GTSGTYGTG,0.0156,0.066,5.52,-38.28,0,-0.644,NVC
GTTLDNKHS,0.0441,-0.14615,6.74,25.77,43.33,-1.433,NVC
GTVKDRSPH,0.044,-0.27938,8.75,85.52,32.22,-1.6,NVC
GTYGTGSWP,0.0413,0.0924,5.52,-28.84,0,-0.8,NVC
GVKGWAFDN,0.0397,0.32839,5.84,6.98,43.33,-0.422,NVC
GVNSDTVSW,0.0231,-0.17225,3.8,-7.81,64.44,-0.244,NVC
GVWIGRTKS,0.0228,0.1943,11,8.89,75.56,-0.322,NVC
GWAFDNGDD,0.0428,0.18757,3.42,2.91,11.11,-1.233,NVC
GWAIYSKDN,0.0196,-0.18175,5.83,5.9,54.44,-0.889,NVC
GWSTPNSKS,0.0435,-0.29715,8.75,22.6,0,-1.489,NVC
GWSWPDGAE,0.0012,0.23073,3.67,4.79,11.11,-1.133,NVC
GYETFKVIG,0.0191,0.09516,6,-21.34,75.56,0.144,NVC
GYETFKVIS,0.0481,0.09516,6,-21.34,75.56,0.1,NVC
GYICSGIFG,0.0172,0.04047,5.52,-9.98,86.67,1.222,NVC
GYICSGVFG,0.0951,-0.03701,5.52,-0.54,75.56,1.189,NVC
GYSGIFSVE,0.0242,0.1047,4,-9.98,75.56,0.478,NVC
GYSGSFVQH,0.0222,-0.10334,6.74,-0.54,32.22,-0.378,NVC
HECDSPASN,0.0285,-0.23036,4.35,170.73,11.11,-1.4,NVC
HECDSPSSN,0.0084,-0.403,4.35,192.13,0,-1.689,NVC
HFKQHECDS,0.024,-0.09335,5.99,98.6,0,-1.811,NVC
HGSNRPWIS,0.0178,0.24445,9.76,15.57,43.33,-1.244,NVC
HGSNRPWVS,0.0267,0.19081,9.76,6.13,32.22,-1.278,NVC
HIEECSCYP,0.0454,-0.12264,4.51,241.51,43.33,-0.489,NVC
HPELTGLDC,0.0077,0.09464,4.35,15.57,86.67,-0.311,NVC
HPETCNQSI,0.039,-0.18145,5.24,65.44,43.33,-1.089,NVC
HSIQTGNQN,0.022,-0.0768,6.74,-18.36,43.33,-1.622,NVC
HYEECSCYP,0.036,-0.12264,4.51,184.31,0,-1.133,NVC
IAILVTTVT,0.0572,0.16566,5.52,11.42,205.56,2.322,NVC
ICRDNWKGS,0.0489,0.07913,8.22,-12.07,43.33,-1.167,NVC
ICSGIFGDN,0.0158,0.26176,3.8,-0.54,86.67,0.633,NVC
IEKEICPKV,0.0488,-0.02576,6.14,91.08,118.89,-0.078,NVC
IEKGKIVKS,0.0203,-0.21178,9.7,16.78,118.89,-0.356,NVC
IFRIEKGKI,0.0217,-0.05218,9.99,29.41,130,0.011,NVC
IFSVEGKSC,0.0489,-0.16142,5.99,35.68,75.56,0.511,NVC
IGEVPSPYN,0.0182,-0.10401,4,92.13,75.56,-0.444,NVC
IGGWSTPNS,0.048,0.09619,5.52,36.31,43.33,-0.511,NVC
IGISGPDNG,0.0049,-0.08577,3.8,-25.62,86.67,-0.178,NVC
IGIVSLMLQ,0.0183,-0.24148,5.52,26.24,205.56,2,NVC
IGMANLILQ,0.0205,0.07147,5.52,80.22,184.44,1.433,NVC
IGNIISIWI,0.0265,0.34743,5.52,48.28,216.67,1.878,NVC
IGNMISIWV,0.0258,0.03681,5.52,-9.98,162.22,1.556,NVC
IGRTKGTNS,0.0302,-0.09326,11,-26.68,43.33,-1.156,NVC
IGRTKSINS,0.0135,-0.20133,11,8.89,86.67,-0.622,NVC
IGRTKSISS,0.0179,-0.29421,11,30.29,86.67,-0.322,NVC
IGSRGDVFV,0.0365,0.1555,5.84,20.86,107.78,0.678,NVC
IGSVCMTIG,0.0174,-0.11944,5.52,41.91,118.89,1.7,NVC
IGSVSLTIA,0.0611,-0.07318,5.52,8.89,173.33,1.789,NVC
IHDRIPHRT,0.0193,0.23598,9.61,11.02,86.67,-1.356,NVC
IHDRTPHRT,0.0088,0.14418,9.61,14.22,43.33,-1.933,NVC
IIIERNITE,0.1325,0.32326,4.53,141.64,173.33,0.256,NVC
IISIWISHS,0.0175,0.30048,6.74,8.89,173.33,1.278,NVC
IISIWVSHS,0.0268,0.21406,6.74,-0.54,162.22,1.244,NVC
IISLILQIG,0.0295,0.0343,5.52,66.51,260,2.322,NVC
IITDTIKSW,0.0185,-0.08066,5.84,-17.24,130,0.333,NVC
IKDRSPYRT,0.0435,-0.08514,9.99,69.93,43.33,-1.811,NVC
IKEGKIVHI,0.0573,0.03562,8.6,19.98,162.22,0.311,NVC
ILQIGNIIS,0.0514,0.31331,5.52,105.9,216.67,1.511,NVC
ILRTQESEC,0.0832,-0.04381,4.53,156.33,86.67,-0.633,NVC
IMTDGPSDG,0.0198,-0.06918,3.56,27.09,43.33,-0.5,NVC
INEWSGYSG,0.0222,0.02641,4,-17.24,43.33,-0.789,NVC
INMEDYSID,0.0486,1.00E-05,3.49,30.29,86.67,-0.578,NVC
INMKDYSID,0.0182,-0.31774,4.21,8.89,86.67,-0.622,NVC
INRQVIVDS,0.0462,0.11352,5.84,17.18,151.11,0.178,NVC
INWLTIGIS,0.0178,0.33018,5.52,1.64,173.33,1.222,NVC
IPHRTLLMN,0.0212,-0.02202,9.76,5.69,130,0.056,NVC
IQTGNQNHP,0.0253,-0.0552,6.74,-21.56,43.33,-1.711,NVC
IQTGNRCQD,0.0231,-0.02406,5.83,3.04,43.33,-1.4,NVC
IREPFISCS,0.0352,0.0895,5.59,87.91,86.67,0.344,NVC
IRGQPKENT,0.0076,-0.23864,8.75,11.42,43.33,-1.9,NVC
IRGRPKENT,0.0156,-0.07,10.84,11.42,43.33,-2.011,NVC
IRIGSKGDV,0.0127,-0.24524,8.75,-0.54,118.89,-0.033,NVC
IRIGSRGDV,0.0385,0.00648,9.6,20.86,118.89,-0.1,NVC
ISGPDNGAV,0.0244,0.06681,3.8,-25.62,86.67,0.033,NVC
ISGPDSGAV,0.0355,-0.08283,3.8,12.48,86.67,0.033,NVC
ISHRTLLMN,0.0504,-0.02202,9.76,8.89,130,0.144,NVC
ISHSIQLGN,0.0168,-0.12497,6.74,-0.54,130,0.067,NVC
ISLILQIGN,0.0103,0.1426,5.52,57.08,216.67,1.433,NVC
ISNTNVVAG,0.0252,0.12722,5.52,-17.24,118.89,0.644,NVC
ISPLSGSAQ,0.0519,-0.26072,5.52,57.71,97.78,0.244,NVC
ITCVCRDNW,0.0263,0.0352,5.82,-11.01,75.56,0.067,NVC
ITDWSGYSG,0.0209,0.00111,3.8,-0.54,43.33,-0.478,NVC
ITEIVYLNN,0.0241,0.19,4,33.88,162.22,0.5,NVC
ITEIVYLTN,0.0296,0.21646,4,17.18,162.22,0.811,NVC
ITIGSVSLT,0.1111,-0.19104,5.52,8.89,162.22,1.511,NVC
IVSLMLQIG,0.0164,-0.2663,5.52,35.68,205.56,2,NVC
IVVFCGTSG,0.0619,0.0467,5.52,-9.98,107.78,1.767,NVC
IWDPNGWTG,0.0253,0.23126,3.8,-20.23,43.33,-0.822,NVC
IWTSGSSIS,0.0214,-0.33846,5.52,13.59,86.67,0.422,NVC
IWVSHSIQT,0.0117,-0.23266,6.74,-0.54,118.89,0.367,NVC
IWVTREPYV,0.0234,0.18559,6,11.42,107.78,0.044,NVC
IYDGRLEDS,0.0474,0.17872,4.03,78,86.67,-1.022,NVC
IYDGRLVDS,0.0195,0.12906,4.21,39.9,118.89,-0.167,NVC
IYSKDNSVR,0.0197,-0.37069,8.59,8.89,75.56,-1.067,NVC
KAVASVTLA,0.0192,-0.04319,8.75,-0.54,141.11,1.356,NVC
KCYQFALGQ,0.0347,0.04351,8.2,0.51,54.44,-0.189,NVC
KDNGIRIGS,0.0446,0.34244,8.75,-17.24,86.67,-0.889,NVC
KDNIIRIGS,0.0162,0.44226,8.75,57.71,130,-0.344,NVC
KDNSVRIGS,0.0168,0.05247,8.75,8.89,75.56,-0.967,NVC
KEGKIVHIS,0.0261,0.06752,8.6,29.41,118.89,-0.278,NVC
KEICPEVVE,0.0312,0.13136,4.25,71,107.78,-0.067,NVC
KEICPKLVE,0.0541,-0.21009,6.14,42.26,118.89,-0.156,NVC
KEICPKVVE,0.0546,-0.16589,6.14,42.26,107.78,-0.111,NVC
KERTIWTSG,0.0157,0.33007,8.75,-7.81,43.33,-1.211,NVC
KESRSGYET,0.0602,-0.07544,6.14,82.7,0,-2.156,NVC
KGDVFVIRE,0.0177,0.34416,6.07,-0.54,107.78,-0.011,NVC
KGFSFKYGN,0.0156,-0.20079,9.7,-36.11,0,-0.956,NVC
KGKIVKSVE,0.0163,-0.21438,9.7,-32.04,107.78,-0.389,NVC
KGKVTKSIE,0.0218,-0.25552,9.7,19.98,75.56,-0.933,NVC
KGKVVKSVE,0.0154,-0.30676,9.7,-22.61,96.67,-0.422,NVC
KGWAFDDGN,0.0472,0.28467,4.21,0.74,11.11,-1.278,NVC
KHSNGTIHD,0.0409,0.14055,6.92,-3.53,43.33,-1.633,NVC
KHSNGTIKD,0.0231,-0.00435,8.6,-26.68,43.33,-1.711,NVC
KHSNGTVKD,0.0392,-0.08183,8.6,-20.84,32.22,-1.744,NVC
KIFKMEKGK,0.0154,-0.41795,10,0.11,43.33,-1.144,NVC
KILKIEKGK,0.0247,-0.15895,10,31.94,130,-0.744,NVC
KITGFAPFS,0.0459,0.25657,8.75,32.82,54.44,0.5,NVC
KIVHISPLS,0.0501,0.00398,8.76,87.67,162.22,0.744,NVC
KQVCVAWSS,0.0601,0.12646,8.22,39.84,75.56,0.311,NVC
KSVEMNAPN,0.0178,-0.0364,6,30.29,43.33,-0.989,NVC
KTGSCGPVS,0.0177,-0.16131,8.22,57.08,32.22,-0.211,NVC
LAGNSSLCP,0.023,-0.3532,5.52,42.26,97.78,0.533,NVC
LCPISGWAV,0.0207,0.21092,5.52,27.3,130,1.456,NVC
LCPVSGWAI,0.0347,0.11854,5.52,48.7,130,1.456,NVC
LDAPNYHYE,0.0207,0.0169,4.35,84.44,54.44,-1.367,NVC
LDCIRPCFW,0.0215,0.17928,5.82,21.91,86.67,0.622,NVC
LDISMEDYS,0.0486,-0.18346,3.49,30.29,86.67,-0.356,NVC
LDNKHSNGT,0.0538,-0.32899,6.74,9.07,43.33,-1.744,NVC
LGNQSQIEN,0.0166,-0.21798,4,110.12,86.67,-1.156,NVC
LGNQSQVEN,0.0166,-0.29546,4,52.92,75.56,-1.189,NVC
LHFKQHECD,0.0117,-0.20835,5.99,77.2,43.33,-1.3,NVC
LHFKQHECN,0.0474,-0.20835,6.91,55.8,43.33,-1.3,NVC
LHFKQYECD,0.0539,-0.24228,5.32,60.44,43.33,-1.089,NVC
LRTQESECA,0.0284,-0.10919,4.53,134.93,54.44,-0.933,NVC
LSGSAQHIE,0.0553,-0.12135,5.24,106.53,97.78,-0.233,NVC
LSGSAQHVE,0.0168,-0.17499,5.24,8.89,86.67,-0.267,NVC
LTGLDCIRP,0.0167,0.11325,5.83,20.86,130,0.433,NVC
LTHGALLND,0.0169,0.05912,5.08,-12.07,141.11,0.211,NVC
LTIATVCFL,0.0678,0.18213,5.52,8.89,173.33,2.444,NVC
LVGDTPRND,0.0148,0.10058,4.21,-11.91,75.56,-1.078,NVC
MANLILQIG,0.0186,0.0859,5.28,80.22,184.44,1.433,NVC
MEDYSIDSS,0.0468,-0.11028,3.49,73.09,43.33,-0.867,NVC
MEKGKVVKS,0.0189,-0.2982,9.7,-22.61,64.44,-0.678,NVC
MGRTINKDS,0.0534,0.01033,8.5,56.6,43.33,-1.211,NVC
MGRTISKDL,0.0537,-0.13931,8.5,8.89,86.67,-0.4,NVC
MGRTISKDS,0.0582,-0.13931,8.5,30.29,43.33,-0.911,NVC
MNELGVPFH,0.0506,0.15224,5.22,51.69,75.56,0.056,NVC
MNPNQKIIT,0.0232,-0.13583,8.5,-12.12,86.67,-0.644,NVC
MNPNQKTIT,0.0488,-0.21539,8.5,-2.69,43.33,-1.222,NVC
MPCEPIIIE,0.0604,0.38781,3.79,119.56,130,0.856,NVC
MRTQESECA,0.031,-0.10919,4.53,105.16,11.11,-1.144,NVC
MSCPIGEVP,0.018,0.24146,4,128.36,75.56,0.578,NVC
MTDGPSDGQ,0.0212,-0.08671,3.56,27.09,0,-1.389,NVC
MTIGMANLI,0.0407,-0.06881,5.28,19.4,141.11,1.533,NVC
MVIGIVSLM,0.0317,0.09966,5.28,-9.98,194.44,2.644,NVC
NDDRSSKSN,0.0059,-0.53621,5.96,70.73,0,-2.765,NVC
NEWSGYSGS,0.0169,-0.18487,4,-17.24,0,-1.378,NVC
NFAAGQSVV,0.0488,-0.13947,5.52,41.01,86.67,0.733,NVC
NGSCFTVMT,0.021,-0.02517,5.52,25.21,32.22,0.589,NVC
NGTCTVVMT,0.0536,-0.03275,5.52,15.78,64.44,0.756,NVC
NGTIHDRIP,0.05,0.32034,6.74,-15.11,86.67,-0.933,NVC
NGTVKDRSP,0.0071,-0.18796,8.75,68.82,32.22,-1.633,NVC
NGVWIGRTK,0.0168,0.46415,11,-7.81,75.56,-0.622,NVC
NGWTETDSS,0.018,0.16706,3.67,53.4,0,-1.644,NVC
NGWTGTDNN,0.0157,0.19544,3.8,-29.67,0,-1.9,NVC
NGWTGTDSE,0.0155,0.10256,3.67,13.13,0,-1.6,NVC
NIMRTQESE,0.0132,-0.08832,4.53,105.16,43.33,-1.511,NVC
NLEYQIGYI,0.0254,0.0677,4,-0.54,130,-0.078,NVC
NNDRSSNSN,0.0476,-0.35967,5.84,70.73,0,-2.711,NVC
NNERGNPGV,0.0328,0.12193,6,-13.18,32.22,-1.856,NVC
NNTTIEKEI,0.0266,0.15201,4.53,69.68,86.67,-1.144,NVC
NPNNEKGNH,0.0124,-0.08929,6.75,-13.18,0,-2.956,NVC
NQCQDEPIS,0.0214,0.05019,3.67,26.56,43.33,-1.433,NVC
NQNLEYKIG,0.0182,-0.02348,6,-8.92,86.67,-1.256,NVC
NQNLEYQIG,0.0192,0.06076,4,0.51,86.67,-1.211,NVC
NSIRIGSRG,0.016,0.1474,12,20.86,86.67,-0.656,NVC
NSIRLSAGG,0.0569,-0.01843,9.75,22.6,97.78,-0.033,NVC
NSKSQVNRQ,0.0453,-0.28563,11,43.31,32.22,-2.2,NVC
NSKSRDPNN,0.0415,-0.17833,8.75,30.29,0,-2.844,NVC
NWHGSNRPW,0.037,-0.08539,9.76,30.36,0,-2.144,NVC
NWKGSNRPV,0.0302,-0.16589,11,30.73,32.22,-1.656,NVC
NYHYEECSC,0.0231,0.05637,4.51,184.31,0,-1.344,NVC
PANNQVMPC,0.0501,-0.23723,5.91,53.98,43.33,-0.367,NVC
PASNQVMPC,0.0508,-0.28883,5.91,53.98,43.33,-0.067,NVC
PDSSEITCV,0.0237,0.00387,3.67,77.73,75.56,0.033,NVC
PDTGKVMCV,0.0093,-0.30414,6.22,-52.87,64.44,0.3,NVC
PDVRCICRD,0.0462,0.123,6.31,0.51,75.56,-0.433,NVC
PEENTIWTS,0.0234,0.39869,3.8,38.29,43.33,-1.189,NVC
PELTGLDCI,0.023,0.04524,3.67,18.77,130,0.544,NVC
PFISCSHLE,0.0305,-0.31068,5.25,66.51,86.67,0.411,NVC
PKENTIWTS,0.0133,0.39869,6.43,-17.24,43.33,-1.233,NVC
PNDKTGSCG,0.0187,-0.31122,6.22,26.24,0,-1.367,NVC
PNGAYGVKG,0.0159,-0.01249,9.01,-39.31,43.33,-0.611,NVC
PNGWTETDS,0.0135,0.41166,3.67,32,0,-1.733,NVC
PNYHYEECS,0.0148,0.175,4.51,148.09,0,-1.8,NVC
PNYYYEECS,0.0184,0.13873,3.8,112.98,0,-1.589,NVC
PRPNDGTGS,0.0123,0.09595,6.27,3.04,0,-1.889,NVC
PRPNDKTGS,0.0181,-0.13895,9.18,3.04,0,-2.278,NVC
PRYPDVRCT,0.0209,0.06028,8.64,33.69,32.22,-1.222,NVC
PVFPNGAYG,0.0168,0.0833,5.95,16.12,43.33,0,NVC
PVIDINMED,0.0501,0.09933,3.49,51.69,118.89,-0.056,NVC
PVLPNGAYG,0.0154,0.0417,5.95,16.12,86.67,0.111,NVC
PVLPNGAYG,0.0155,0.0417,5.95,16.12,86.67,0.111,NVC
PVSGWAIYS,0.0175,0.34309,5.95,27.3,86.67,0.522,NVC
PYVSCDPGK,0.0453,-0.17425,6.21,57.08,32.22,-0.711,NVC
QCQITGFAP,0.0478,0.28768,5.52,4.1,54.44,0.211,NVC
QESECACVN,0.0023,0.01,3.79,162.36,43.33,-0.422,NVC
QESECVCIN,0.0094,0.06567,3.79,113.53,75.56,-0.122,NVC
QESECVCVN,0.0237,0.01203,3.79,105.16,64.44,-0.156,NVC
QETRVWWTS,0.0274,0.52301,6,13.59,32.22,-1.256,NVC
QFALGQGTT,0.0615,-0.02322,5.52,-8.92,54.44,-0.089,NVC
QINRQVIVD,0.0118,0.11248,5.84,-4.22,151.11,-0.122,NVC
QITGFAPFS,0.0461,0.25657,5.52,42.26,54.44,0.544,NVC
QKIITIGSI,0.0307,0.27214,8.75,-0.54,173.33,0.967,NVC
QPVVSVKLA,0.0185,-0.25578,8.75,39.06,151.11,0.933,NVC
QSIITYENN,0.0165,0.29216,4,49.33,86.67,-0.867,NVC
QSQIENISN,0.0178,0.20339,4,176.76,86.67,-1.122,NVC
QSVVSVKLA,0.019,-0.25578,8.75,45.08,151.11,1.022,NVC
QYECDSPAN,0.0442,-0.14238,3.67,153.98,11.11,-1.489,NVC
QYECDSPAS,0.0469,-0.14238,3.67,153.98,11.11,-1.189,NVC
RADTRILFI,0.0324,0.28098,9.6,4.16,141.11,0.467,NVC
RCFYVELIR,0.0506,0.23713,8.22,45.11,118.89,0.444,NVC
RCICRDNWK,0.0239,0.18419,8.96,-2.63,43.33,-1.256,NVC
RCTCRDNWK,0.0212,0.15359,8.96,33.59,0,-1.833,NVC
RDNWHGSNR,0.0105,0.14079,9.61,12.16,0,-2.756,NVC
RDPNNERGN,0.0471,0.14132,6.07,-9.98,0,-3.167,NVC
REPYVSCDP,0.0449,-0.15539,4.37,87.91,32.22,-1.122,NVC
RNDDRSSNS,0.051,-0.21921,5.96,84.44,0,-2.822,NVC
RNDDSSSNS,0.0258,-0.43071,4.21,86.8,0,-2.411,NVC
RNGDSSSNS,0.0503,-0.42691,5.84,70.1,0,-2.067,NVC
RNNILRTQE,0.016,0.13482,9.6,127.24,86.67,-1.711,NVC
RNPNNERGN,0.0466,0.14132,9.6,0.53,0,-3.167,NVC
RPKENTIWT,0.0201,0.30273,8.75,4.16,43.33,-1.644,NVC
RPWVSFNQN,0.0155,-0.0106,9.75,9.38,32.22,-1.256,NVC
RQDIVAITD,0.017,0.35315,4.21,42.26,130,-0.078,NVC
RSPYRTLMS,0.0171,-0.03234,10.84,136.57,43.33,-0.944,NVC
RTISKDLRS,0.0228,-0.29151,10.84,79.11,86.67,-1.156,NVC
RTISKDSRS,0.0556,-0.42177,10.86,100.51,43.33,-1.667,NVC
RTKSTNSRS,0.0185,-0.31414,12.01,62.41,0,-2.244,NVC
RTKSTSSRS,0.0107,-0.46378,12.01,100.51,0,-1.994,NVC
RTLLMNELG,0.0547,-0.11383,6,8.89,130,0.078,NVC
RTQESECAC,0.0311,-0.02634,4.53,162.36,11.11,-1.078,NVC
RYPDVRCTC,0.0253,0.08482,8.06,42.07,32.22,-0.767,NVC
RYPGVRCIC,0.0493,0.15168,8.96,14.22,75.56,0.156,NVC
SAQHIEECS,0.0507,0.2718,4.51,191.58,54.44,-0.722,NVC
SAQHVEECS,0.0456,0.1824,4.51,93.93,43.33,-0.756,NVC
SCDPGKCYQ,0.0538,-0.22162,5.55,57.08,0,-1.111,NVC
SCFTIMTDG,0.0151,0.08708,3.8,41.91,43.33,0.622,NVC
SCGPVFPNG,0.0166,0.1371,5.24,71.21,32.22,0.133,NVC
SCGPVSSNG,0.0062,-0.25909,5.24,71.21,32.22,-0.178,NVC
SECACVNGS,0.0132,0.02257,4,102.86,43.33,0.222,NVC
SFNQNLEYQ,0.0208,-0.05306,4,0.51,43.33,-1.444,NVC
SFVQHPELT,0.011,-0.00408,5.22,25,75.56,-0.278,NVC
SGFEMIWDP,0.0312,0.29293,3.67,8.89,43.33,-0.167,NVC
SGIFGDNPR,0.0179,0.20294,5.55,-12.12,43.33,-0.822,NVC
SGIFSVEGK,0.0259,0.14306,5.72,-9.98,75.56,0.189,NVC
SGPDNGAVA,0.0312,0.10146,3.8,-25.62,54.44,-0.267,NVC
SGSAQHIEE,0.0323,0.07414,4.51,142.76,54.44,-1.044,NVC
SGSAQHVEE,0.0485,-0.00334,4.51,45.11,43.33,-1.078,NVC
SGSFVQHPE,0.0111,0.01608,5.22,25,32.22,-0.756,NVC
SGSSISFCG,0.016,-0.179,5.24,30.29,43.33,0.644,NVC
SGWAIYSKD,0.0132,-0.02823,5.55,5.9,54.44,-0.589,NVC
SIRLSAGGD,0.0075,-0.07023,5.55,22.6,97.78,-0.033,NVC
SISFCGVNS,0.0182,0.07456,5.24,8.89,75.56,0.856,NVC
SISSRKGFE,0.0168,-0.27577,8.46,42.26,43.33,-0.822,NVC
SKDSRSGYE,0.0533,-0.23816,5.79,82.7,0,-2.167,NVC
SMEDYSIDS,0.045,0.02077,3.47,51.69,43.33,-0.867,NVC
SNCRDPNNE,0.05,0.0365,4.37,5.69,0,-2.433,NVC
SNGANGIKG,0.0143,0.06229,8.43,-62.24,54.44,-0.733,NVC
SNGTIHDRI,0.0223,0.25907,6.46,-11.91,86.67,-0.844,NVC
SNGTIKDRS,0.0181,0.02562,8.46,13.77,43.33,-1.511,NVC
SNGTVKDRS,0.0146,-0.06378,8.46,20,32.22,-1.544,NVC
SNQVMPCEP,0.0405,-0.1645,4,53.98,32.22,-0.656,NVC
SNRPIVDIN,0.0113,0.27058,5.55,4.16,118.89,-0.467,NVC
SNRPVIDIN,0.0259,0.2676,5.55,51.69,118.89,-0.467,NVC
SNRPWVSFN,0.0186,0.18898,9.47,17.66,32.22,-0.956,NVC
SQNILRTQE,0.0129,0.13482,5.72,134.93,86.67,-1.3,NVC
SRFESVAWS,0.0273,0.17895,5.72,51.69,43.33,-0.278,NVC
SSFSVKQDI,0.0273,-0.37607,5.55,74.8,75.56,-0.2,NVC
SSISFCGVN,0.0187,-0.0073,5.24,30.29,75.56,0.856,NVC
SSNSNCRDP,0.0431,-0.16898,5.55,27.09,0,-1.833,NVC
SSRKGFEMI,0.06,-0.0751,8.46,42.26,43.33,-0.522,NVC
SSSNSNCRD,0.039,-0.24266,5.55,48.49,0,-1.744,NVC
SSSSCHDGK,0.023,-0.2037,6.46,136.1,0,-1.3,NVC
STIWTSGSS,0.0177,0.0801,5.24,13.59,43.33,-0.156,NVC
STNSRSGFE,0.0173,-0.1769,5.72,62.41,0,-1.356,NVC
STPNSKSQI,0.0524,-0.58151,8.47,30.29,43.33,-1.233,NVC
SVCMTIGMA,0.0204,-0.10512,5.24,55.62,86.67,1.656,NVC
SVEGKSCIN,0.0275,-0.26687,5.72,35.68,75.56,-0.189,NVC
SWRNNILRT,0.0242,0.15015,12,114.22,86.67,-1.122,NVC
SWRNNIMRT,0.024,0.01131,12,63.04,43.33,-1.333,NVC
SWSQNILRT,0.0476,-0.0304,9.47,121.91,86.67,-0.711,NVC
TDGSASGRA,0.0195,-0.21426,5.5,8.89,22.22,-0.833,NVC
TDNNFSIKQ,0.0271,-0.06402,5.5,9.07,43.33,-1.344,NVC
TDSSFSVKQ,0.0198,-0.35306,5.5,74.8,32.22,-0.778,NVC
TDSSFSVRQ,0.0164,-0.19682,5.5,73.09,32.22,-0.844,NVC
TDTIKSWRN,0.0034,-0.00203,8.41,-3.53,43.33,-1.556,NVC
TDWSGYSGS,0.0152,-0.18487,3.8,-0.54,0,-1.067,NVC
TEIVYLNNT,0.0549,0.06146,4,24.44,118.89,-0.078,NVC
TGNQCQDES,0.0183,-0.20298,3.67,7.69,0,-1.878,NVC
TGNRCQDEP,0.0186,-0.03434,4.37,24.44,0,-2.078,NVC
TGNSSLCPI,0.0346,-0.39209,5.18,32.82,86.67,0.333,NVC
TGSCGPVLP,0.0207,-0.05703,5.18,78.48,75.56,0.556,NVC
TGSCGPVSS,0.0238,-0.14721,5.18,78.48,32.22,0.133,NVC
TGSCGPVVS,0.0247,-0.02643,5.18,57.08,64.44,0.689,NVC
TGSWPDGAN,0.0315,0.23073,3.8,-18.36,11.11,-1.111,NVC
TGTDSSFSG,0.017,-0.27977,3.8,32.82,0,-0.589,NVC
TIEKEICPE,0.0447,-0.0137,4.25,119.82,86.67,-0.578,NVC
TIEKETCPK,0.047,-0.10244,5.81,79.11,43.33,-1.2,NVC
TKILFIEEG,0.0561,0.41432,4.53,105.9,130,0.4,NVC
TKQVCVAWS,0.0482,0.15274,7.89,18.44,75.56,0.322,NVC
TKSISSRKG,0.0189,-0.31893,11.17,42.26,43.33,-1.256,NVC
TKSTNSRSG,0.0171,-0.22965,11,62.41,0,-1.789,NVC
TLAGNSSLC,0.0296,-0.26133,5.18,20.86,97.78,0.633,NVC
TLHFKQHEC,0.0812,-0.10494,6.61,55.8,43.33,-0.989,NVC
TLMSCPIGE,0.0181,-0.15429,4,106.96,86.67,0.633,NVC
TSVTLAGNS,0.0188,0.10331,5.19,-9.98,86.67,0.322,NVC
TSWLTIGIS,0.0155,0.33018,5.19,13.17,130,0.944,NVC
TTIEKEICP,0.0318,0.10902,4.53,100.51,86.67,-0.267,NVC
TTLDNKHSN,0.0347,-0.25994,6.41,35.2,43.33,-1.778,NVC
TTLENKHSN,0.0258,-0.18151,6.41,35.2,43.33,-1.778,NVC
TVCFLMQIA,0.0394,-0.0958,5.18,0.51,130,1.992,NVC
TVGWSWPDG,0.0103,0.2849,3.8,4.79,32.22,-0.556,NVC
TVHDRIPHR,0.094,0.21804,9.31,-2.69,75.56,-1.389,NVC
TVMTDGPSS,0.0171,-0.07046,3.8,48.49,32.22,-0.267,NVC
TVSWSWPDG,0.0166,0.2202,3.8,0.51,32.22,-0.6,NVC
TVVMTDGSA,0.048,-0.17268,3.8,5.69,75.56,0.667,NVC
TYENNTWVN,0.019,0.26729,4,-35.06,32.22,-1.489,NVC
TYGTGSWPD,0.0537,0.10779,3.8,-27.79,0,-1.144,NVC
TYVNISNTN,0.0106,-0.00202,5.18,31.58,75.56,-0.589,NVC
VASVTLAGN,0.0141,0.06802,5.49,-9.98,130,1.156,NVC
VAVLKYNGI,0.0238,-0.1969,8.56,-26.68,162.22,1.044,NVC
VAWSASACH,0.0161,-0.21068,6.7,93.93,65.56,0.711,NVC
VCFLMQIAI,0.0771,-0.11802,5.49,0.51,173.33,2.5,NVC
VCIAWSSSS,0.0249,-0.09374,5.49,73.09,86.67,0.989,NVC
VCITGDDKN,0.0431,0.02886,4.21,-9.98,75.56,-0.478,NVC
VCITIGMAN,0.0154,0.11842,5.49,22.6,130,1.644,NVC
VCMTIGMAN,0.0159,0.01822,5.49,55.62,86.67,1.356,NVC
VDINMEDYS,0.0471,-0.0235,3.49,13.59,75.56,-0.611,NVC
VDSIGSWSQ,0.0498,0.04777,3.8,34.99,75.56,-0.222,NVC
VELIRGRPK,0.0169,0.24982,10.83,20.86,118.89,-0.656,NVC
VEMNAPNYH,0.0201,-0.04347,5.24,44,43.33,-0.967,NVC
VFVIREPFI,0.0233,0.35101,5.97,51.69,151.11,1.489,NVC
VGDTPRNDD,0.0454,0.09168,3.93,-11.91,32.22,-1.889,NVC
VGWSWPDGA,0.0149,0.14921,3.8,-4.64,43.33,-0.278,NVC
VHISPLSGS,0.0219,-0.26433,6.71,106.53,118.89,0.544,NVC
VIVDNNNWS,0.0448,0.14729,3.8,-28.77,107.78,-0.311,NVC
VKDRSPHRT,0.0427,-0.05472,10.83,94.96,32.22,-2.056,NVC
VKGFSFKYG,0.0164,-0.10626,9.7,-29.88,32.22,-0.1,NVC
VKGWAFDNG,0.0095,0.39713,5.81,-9.72,43.33,-0.422,NVC
VKSVEMNAP,0.023,-0.06256,5.97,27.09,75.56,-0.133,NVC
VNQTYVNIS,0.0163,0.10902,5.49,49.33,107.78,-0.044,NVC
VNRQVIVDN,0.0276,0.11352,5.81,-4.22,140,-0.156,NVC
VRCICRDNW,0.0552,0.12758,8.04,-2.63,75.56,-0.356,NVC
VSCDPGKCY,0.1032,-0.18758,5.79,57.08,32.22,-0.256,NVC
VSHSIQTGN,0.0183,-0.08285,6.71,-9.98,75.56,-0.467,NVC
VSLIIATVC,0.0591,0.35363,5.49,8.89,205.56,2.667,NVC
VSLMLQIGN,0.0152,-0.16802,5.49,35.68,162.22,1.111,NVC
VSLTIATVC,0.0422,0.25877,5.49,8.89,162.22,2.089,NVC
VVDINMEDY,0.087,0.06698,3.49,13.59,107.78,-0.056,NVC
VVEYRNWSK,0.0299,0.16337,8.56,-7.71,64.44,-1.111,NVC
VYLNNTTIE,0.0236,0.13065,4,39.9,118.89,-0.078,NVC
WAIYSKDNG,0.0238,-0.30968,5.83,-24.51,54.44,-0.889,NVC
WAIYSKDNS,0.0166,-0.30968,5.83,-7.81,54.44,-0.933,NVC
WAVHSKDNS,0.0252,-0.30321,6.74,-7.81,43.33,-1.178,NVC
WAVYSKDNS,0.0168,-0.33948,5.83,-16.19,43.33,-0.967,NVC
WDPNGWTGT,0.0183,0.28396,3.8,-29.67,0,-1.4,NVC
WISFNQNLE,0.0176,-0.06318,4,0.51,86.67,-0.511,NVC
WISHSIQLG,0.0176,-0.16121,6.74,8.89,130,0.356,NVC
WLHVCVTGD,0.0126,0.09096,5.08,-4.64,107.78,0.667,NVC
WLTIGISGP,0.0348,0.18498,5.52,13.17,130,0.889,NVC
WMGRTISKD,0.054,-0.03946,8.75,35.2,43.33,-0.992,NVC
WRNNILRTQ,0.0216,0.17691,12,105.84,86.67,-1.422,NVC
WSASACHDG,0.0176,-0.12616,5.08,93.33,22.22,-0.389,NVC
WSGYSGIFS,0.0444,0.0588,5.52,-9.98,43.33,0.211,NVC
WSGYSGSFV,0.0276,-0.19314,5.52,-0.54,32.22,0.178,NVC
WSKPQCQIT,0.0579,-0.26471,8.22,5.16,43.33,-0.878,NVC
WSSSSCHDG,0.0378,-0.39176,5.08,145.53,0,-0.967,NVC
WSTPNSKSQ,0.052,-0.43925,8.75,30.29,0,-1.833,NVC
WTETDSSFS,0.0151,-0.13379,3.67,56.39,0,-0.989,NVC
WTGTDNKFS,0.0178,-0.04803,5.84,-0.37,0,-1.289,NVC
WTGTDNNFS,0.0185,0.12851,3.8,-43.38,0,-1.244,NVC
WVSFNQNLE,0.0175,-0.06318,4,-8.92,75.56,-0.544,NVC
WVSHSIQTG,0.0159,-0.13205,6.74,-9.98,75.56,-0.178,NVC
WVTREPYVS,0.026,0.17274,6,11.42,64.44,-0.544,NVC
WWTSNSIVV,0.028,-0.17946,5.52,-17.24,107.78,0.589,NVC
YDGRLVDSI,0.029,0.0132,4.21,39.9,118.89,-0.167,NVC
YDNGVWIGR,0.0108,0.41283,5.84,18.5,75.56,-0.644,NVC
YEECSCYPD,0.0131,-0.2432,3.57,127.11,0,-1.167,NVC
YENNTWVNQ,0.0148,0.26876,4,-43.33,32.22,-1.8,NVC
YETFKVIGG,0.0073,0.09138,6,1.8,75.56,0.144,NVC
YGNGVWIGR,0.0227,0.41283,8.75,-26.68,75.56,-0.3,NVC
YGNGVWIGS,0.023,0.41283,5.52,-26.68,75.56,0.111,NVC
YGTGSWPDG,0.0475,0.09771,3.8,-27.79,0,-1.111,NVC
YKIFRIEKG,0.0195,0.29518,9.7,38.84,86.67,-0.633,NVC
YKIGYICSG,0.0311,0.05682,8.18,-9.98,86.67,0.378,NVC
YKILKIEKG,0.0111,-0.09418,9.53,41.38,130,-0.456,NVC
YNGIITDTI,0.1475,0.35246,3.8,-33.94,130,0.378,NVC
YSGIFSVEG,0.0374,0.19653,4,-0.54,75.56,0.478,NVC
YSGSFVQHP,0.0337,-0.08147,6.74,5.69,32.22,-0.511,NVC
YVCSGLVGD,0.0106,-0.10677,3.8,-0.54,107.78,0.922,NVC
YVELIRGRE,0.0158,0.2585,6.14,-0.54,118.89,-0.578,NVC
YVELIRGRP,0.0541,0.2585,8.75,20.86,118.89,-0.367,NVC
YVSCDPGKC,0.0491,-0.19419,5.82,57.08,32.22,-0.256,NVC
GIITDTIKS,0.0589,0.12672,5.84,-26.68,130,0.389,NVC
